filename,experiment,run,generation,train_fitness
logs/log_exp1/log_exp1_run0.txt,1,0,100,821.5818953651655
logs/log_exp1/log_exp1_run1.txt,1,1,100,825.0180383703682
logs/log_exp1/log_exp1_run2.txt,1,2,100,700.2710188635144
logs/log_exp1/log_exp1_run3.txt,1,3,100,1091.3482882024714
logs/log_exp1/log_exp1_run4.txt,1,4,100,656.5054924643787
logs/log_exp2/log_exp2_run0.txt,2,0,100,1015.6892986236538
logs/log_exp2/log_exp2_run1.txt,2,1,100,996.3407138673061
logs/log_exp2/log_exp2_run2.txt,2,2,100,874.8470315708215
logs/log_exp2/log_exp2_run3.txt,2,3,100,1331.9192796467655
logs/log_exp2/log_exp2_run4.txt,2,4,100,1343.0092684910671
logs/log_exp3/log_exp3_run0.txt,3,0,100,704.4177309884669
logs/log_exp3/log_exp3_run1.txt,3,1,100,925.4774896381177
logs/log_exp3/log_exp3_run2.txt,3,2,100,710.0619456520483
logs/log_exp3/log_exp3_run3.txt,3,3,100,1109.3845602159363
logs/log_exp3/log_exp3_run4.txt,3,4,100,732.5505203763723
logs/log_exp4/log_exp4_run0.txt,4,0,100,879.5581169813134
logs/log_exp4/log_exp4_run1.txt,4,1,100,1087.4931937601493
logs/log_exp4/log_exp4_run2.txt,4,2,100,933.2329843800424
logs/log_exp4/log_exp4_run3.txt,4,3,100,947.9355947253741
logs/log_exp4/log_exp4_run4.txt,4,4,100,823.1049874815126
logs/log_exp5/log_exp5_run0.txt,5,0,100,986.3009821055272
logs/log_exp5/log_exp5_run1.txt,5,1,100,936.258523788047
logs/log_exp5/log_exp5_run2.txt,5,2,100,726.6336513384647
logs/log_exp5/log_exp5_run3.txt,5,3,100,1000.38126414674
logs/log_exp5/log_exp5_run4.txt,5,4,100,1029.2869282594515
logs/log_exp6/log_exp6_run0.txt,6,0,100,1255.7925285817078
logs/log_exp6/log_exp6_run1.txt,6,1,100,1069.187709107966
logs/log_exp6/log_exp6_run2.txt,6,2,100,1095.5437730303765
logs/log_exp6/log_exp6_run3.txt,6,3,100,752.2632829653256
logs/log_exp6/log_exp6_run4.txt,6,4,100,955.5424095585604
logs/log_exp7/log_exp7_run0.txt,7,0,100,1175.147788504231
logs/log_exp7/log_exp7_run1.txt,7,1,100,1705.6863782628643
logs/log_exp7/log_exp7_run2.txt,7,2,100,1629.386653786659
logs/log_exp7/log_exp7_run3.txt,7,3,100,709.9071692567356
logs/log_exp7/log_exp7_run4.txt,7,4,100,931.0887349379236
logs/log_exp8/log_exp8_run0.txt,8,0,100,1261.448112295499
logs/log_exp8/log_exp8_run1.txt,8,1,100,635.7889335237189
logs/log_exp8/log_exp8_run2.txt,8,2,100,759.5005420759123
logs/log_exp8/log_exp8_run3.txt,8,3,100,856.4910091469962
logs/log_exp8/log_exp8_run4.txt,8,4,100,806.0748975273282
