filename,experiment,run,generation,train_fitness,success_rate,episodes
logs_simple_v1/log_exp1/log_exp1_run0.txt,1,0,0,-511.83837705108147,0.2,30
logs_simple_v1/log_exp1/log_exp1_run0.txt,1,0,5,822.6034324273638,0.26666666666666666,30
logs_simple_v1/log_exp1/log_exp1_run0.txt,1,0,10,664.9210833020676,0.23333333333333334,30
logs_simple_v1/log_exp1/log_exp1_run0.txt,1,0,15,1063.5174636416125,0.23333333333333334,30
logs_simple_v1/log_exp1/log_exp1_run0.txt,1,0,20,606.7290859280886,0.23333333333333334,30
logs_simple_v1/log_exp1/log_exp1_run0.txt,1,0,25,357.06210451714577,0.23333333333333334,30
logs_simple_v1/log_exp1/log_exp1_run0.txt,1,0,30,455.70202307492264,0.23333333333333334,30
logs_simple_v1/log_exp1/log_exp1_run0.txt,1,0,35,734.8570552941437,0.23333333333333334,30
logs_simple_v1/log_exp1/log_exp1_run0.txt,1,0,40,1132.7355792057795,0.26666666666666666,30
logs_simple_v1/log_exp1/log_exp1_run0.txt,1,0,45,1128.732159616796,0.26666666666666666,30
logs_simple_v1/log_exp1/log_exp1_run0.txt,1,0,50,509.76644950286044,0.23333333333333334,30
logs_simple_v1/log_exp1/log_exp1_run0.txt,1,0,55,728.447859870648,0.23333333333333334,30
logs_simple_v1/log_exp1/log_exp1_run0.txt,1,0,60,1339.6265284497422,0.23333333333333334,30
logs_simple_v1/log_exp1/log_exp1_run0.txt,1,0,65,830.5789914295411,0.23333333333333334,30
logs_simple_v1/log_exp1/log_exp1_run0.txt,1,0,70,1108.3710694648282,0.23333333333333334,30
logs_simple_v1/log_exp1/log_exp1_run0.txt,1,0,75,917.0915516276369,0.23333333333333334,30
logs_simple_v1/log_exp1/log_exp1_run0.txt,1,0,80,702.704934150343,0.26666666666666666,30
logs_simple_v1/log_exp1/log_exp1_run0.txt,1,0,85,1186.5656673403078,0.26666666666666666,30
logs_simple_v1/log_exp1/log_exp1_run0.txt,1,0,90,1456.9446970002455,0.26666666666666666,30
logs_simple_v1/log_exp1/log_exp1_run0.txt,1,0,95,1336.8123415102393,0.26666666666666666,30
logs_simple_v1/log_exp1/log_exp1_run0.txt,1,0,100,1069.4001897848102,0.23333333333333334,30
logs_simple_v1/log_exp1/log_exp1_run1.txt,1,1,0,127.92346342704238,0.3,30
logs_simple_v1/log_exp1/log_exp1_run1.txt,1,1,5,869.8847377357229,0.23333333333333334,30
logs_simple_v1/log_exp1/log_exp1_run1.txt,1,1,10,706.9703922266117,0.3,30
logs_simple_v1/log_exp1/log_exp1_run1.txt,1,1,15,1503.8833759781014,0.3333333333333333,30
logs_simple_v1/log_exp1/log_exp1_run1.txt,1,1,20,1766.3831042114964,0.3333333333333333,30
logs_simple_v1/log_exp1/log_exp1_run1.txt,1,1,25,1279.0572642062693,0.3333333333333333,30
logs_simple_v1/log_exp1/log_exp1_run1.txt,1,1,30,1299.212648623598,0.36666666666666664,30
logs_simple_v1/log_exp1/log_exp1_run1.txt,1,1,35,1087.924220641127,0.3,30
logs_simple_v1/log_exp1/log_exp1_run1.txt,1,1,40,1003.3230301374716,0.3333333333333333,30
logs_simple_v1/log_exp1/log_exp1_run1.txt,1,1,45,1403.4598937362873,0.3,30
logs_simple_v1/log_exp1/log_exp1_run1.txt,1,1,50,1259.663702498641,0.3,30
logs_simple_v1/log_exp1/log_exp1_run1.txt,1,1,55,1101.6000426041044,0.36666666666666664,30
logs_simple_v1/log_exp1/log_exp1_run1.txt,1,1,60,2013.9916891498367,0.3,30
logs_simple_v1/log_exp1/log_exp1_run1.txt,1,1,65,1375.3910718999173,0.3333333333333333,30
logs_simple_v1/log_exp1/log_exp1_run1.txt,1,1,70,1723.7527978209089,0.3333333333333333,30
logs_simple_v1/log_exp1/log_exp1_run1.txt,1,1,75,1409.5533653740747,0.3333333333333333,30
logs_simple_v1/log_exp1/log_exp1_run1.txt,1,1,80,1176.765610685752,0.3333333333333333,30
logs_simple_v1/log_exp1/log_exp1_run1.txt,1,1,85,1486.0690480797307,0.26666666666666666,30
logs_simple_v1/log_exp1/log_exp1_run1.txt,1,1,90,1227.791598150001,0.26666666666666666,30
logs_simple_v1/log_exp1/log_exp1_run1.txt,1,1,95,1505.377297193637,0.36666666666666664,30
logs_simple_v1/log_exp1/log_exp1_run1.txt,1,1,100,1388.8336977815263,0.3333333333333333,30
logs_simple_v1/log_exp1/log_exp1_run2.txt,1,2,0,-383.68921652393965,0.0,30
logs_simple_v1/log_exp1/log_exp1_run2.txt,1,2,5,764.1939746767,0.26666666666666666,30
logs_simple_v1/log_exp1/log_exp1_run2.txt,1,2,10,676.7207109288101,0.2,30
logs_simple_v1/log_exp1/log_exp1_run2.txt,1,2,15,732.4153505564016,0.3333333333333333,30
logs_simple_v1/log_exp1/log_exp1_run2.txt,1,2,20,1621.7695036866833,0.4,30
logs_simple_v1/log_exp1/log_exp1_run2.txt,1,2,25,1110.027539701166,0.26666666666666666,30
logs_simple_v1/log_exp1/log_exp1_run2.txt,1,2,30,1618.5719875914726,0.16666666666666666,30
logs_simple_v1/log_exp1/log_exp1_run2.txt,1,2,35,1950.4674362714368,0.36666666666666664,30
logs_simple_v1/log_exp1/log_exp1_run2.txt,1,2,40,1485.237879134812,0.26666666666666666,30
logs_simple_v1/log_exp1/log_exp1_run2.txt,1,2,45,2136.5537362428504,0.36666666666666664,30
logs_simple_v1/log_exp1/log_exp1_run2.txt,1,2,50,2006.3558319686763,0.36666666666666664,30
logs_simple_v1/log_exp1/log_exp1_run2.txt,1,2,55,1858.208513483879,0.43333333333333335,30
logs_simple_v1/log_exp1/log_exp1_run2.txt,1,2,60,1983.6885253860114,0.5,30
logs_simple_v1/log_exp1/log_exp1_run2.txt,1,2,65,2598.8135454809158,0.3333333333333333,30
logs_simple_v1/log_exp1/log_exp1_run2.txt,1,2,70,1972.947130904296,0.36666666666666664,30
logs_simple_v1/log_exp1/log_exp1_run2.txt,1,2,75,1711.8870376618786,0.3333333333333333,30
logs_simple_v1/log_exp1/log_exp1_run2.txt,1,2,80,2108.90075898608,0.43333333333333335,30
logs_simple_v1/log_exp1/log_exp1_run2.txt,1,2,85,2121.2718866663945,0.43333333333333335,30
logs_simple_v1/log_exp1/log_exp1_run2.txt,1,2,90,2410.267475949816,0.4,30
logs_simple_v1/log_exp1/log_exp1_run2.txt,1,2,95,2504.265192084513,0.4,30
logs_simple_v1/log_exp1/log_exp1_run2.txt,1,2,100,2670.1851058572283,0.4,30
logs_simple_v1/log_exp1/log_exp1_run3.txt,1,3,0,34.75450059736073,0.23333333333333334,30
logs_simple_v1/log_exp1/log_exp1_run3.txt,1,3,5,751.6915955618421,0.23333333333333334,30
logs_simple_v1/log_exp1/log_exp1_run3.txt,1,3,10,764.5525335352365,0.26666666666666666,30
logs_simple_v1/log_exp1/log_exp1_run3.txt,1,3,15,898.7204832533203,0.23333333333333334,30
logs_simple_v1/log_exp1/log_exp1_run3.txt,1,3,20,810.6351725755688,0.23333333333333334,30
logs_simple_v1/log_exp1/log_exp1_run3.txt,1,3,25,1282.7517221443022,0.23333333333333334,30
logs_simple_v1/log_exp1/log_exp1_run3.txt,1,3,30,824.8306320843651,0.23333333333333334,30
logs_simple_v1/log_exp1/log_exp1_run3.txt,1,3,35,759.1700261787248,0.23333333333333334,30
logs_simple_v1/log_exp1/log_exp1_run3.txt,1,3,40,1038.4017429561763,0.23333333333333334,30
logs_simple_v1/log_exp1/log_exp1_run3.txt,1,3,45,1285.8645078300224,0.23333333333333334,30
logs_simple_v1/log_exp1/log_exp1_run3.txt,1,3,50,997.283191225066,0.23333333333333334,30
logs_simple_v1/log_exp1/log_exp1_run3.txt,1,3,55,1168.3064340230299,0.23333333333333334,30
logs_simple_v1/log_exp1/log_exp1_run3.txt,1,3,60,768.1038395194952,0.23333333333333334,30
logs_simple_v1/log_exp1/log_exp1_run3.txt,1,3,65,759.9886178400131,0.23333333333333334,30
logs_simple_v1/log_exp1/log_exp1_run3.txt,1,3,70,1580.7162666079673,0.23333333333333334,30
logs_simple_v1/log_exp1/log_exp1_run3.txt,1,3,75,936.65754160517,0.23333333333333334,30
logs_simple_v1/log_exp1/log_exp1_run3.txt,1,3,80,869.7643901138763,0.23333333333333334,30
logs_simple_v1/log_exp1/log_exp1_run3.txt,1,3,85,666.5147452131448,0.23333333333333334,30
logs_simple_v1/log_exp1/log_exp1_run3.txt,1,3,90,1026.5098217248953,0.23333333333333334,30
logs_simple_v1/log_exp1/log_exp1_run3.txt,1,3,95,1137.9499626147622,0.2,30
logs_simple_v1/log_exp1/log_exp1_run3.txt,1,3,100,672.4999560813859,0.23333333333333334,30
logs_simple_v1/log_exp1/log_exp1_run4.txt,1,4,0,704.9364189156263,0.2,30
logs_simple_v1/log_exp1/log_exp1_run4.txt,1,4,5,585.5806139180006,0.23333333333333334,30
logs_simple_v1/log_exp1/log_exp1_run4.txt,1,4,10,990.1674095153767,0.3,30
logs_simple_v1/log_exp1/log_exp1_run4.txt,1,4,15,1303.740254064285,0.23333333333333334,30
logs_simple_v1/log_exp1/log_exp1_run4.txt,1,4,20,1070.0233975585381,0.23333333333333334,30
logs_simple_v1/log_exp1/log_exp1_run4.txt,1,4,25,831.9457993797156,0.26666666666666666,30
logs_simple_v1/log_exp1/log_exp1_run4.txt,1,4,30,673.0414329747193,0.23333333333333334,30
logs_simple_v1/log_exp1/log_exp1_run4.txt,1,4,35,1543.1785314124018,0.26666666666666666,30
logs_simple_v1/log_exp1/log_exp1_run4.txt,1,4,40,1301.375335187894,0.23333333333333334,30
logs_simple_v1/log_exp1/log_exp1_run4.txt,1,4,45,1304.079535717841,0.23333333333333334,30
logs_simple_v1/log_exp1/log_exp1_run4.txt,1,4,50,1560.5967195412495,0.23333333333333334,30
logs_simple_v1/log_exp1/log_exp1_run4.txt,1,4,55,1321.7642834919498,0.23333333333333334,30
logs_simple_v1/log_exp1/log_exp1_run4.txt,1,4,60,1103.2990816272004,0.23333333333333334,30
logs_simple_v1/log_exp1/log_exp1_run4.txt,1,4,65,1324.0907462067328,0.23333333333333334,30
logs_simple_v1/log_exp1/log_exp1_run4.txt,1,4,70,1436.189473524359,0.23333333333333334,30
logs_simple_v1/log_exp1/log_exp1_run4.txt,1,4,75,1482.6702910181125,0.23333333333333334,30
logs_simple_v1/log_exp1/log_exp1_run4.txt,1,4,80,981.9013581371225,0.23333333333333334,30
logs_simple_v1/log_exp1/log_exp1_run4.txt,1,4,85,1133.018052692165,0.23333333333333334,30
logs_simple_v1/log_exp1/log_exp1_run4.txt,1,4,90,1037.5122338553952,0.23333333333333334,30
logs_simple_v1/log_exp1/log_exp1_run4.txt,1,4,95,1257.9051327181096,0.23333333333333334,30
logs_simple_v1/log_exp1/log_exp1_run4.txt,1,4,100,1617.1677825633292,0.23333333333333334,30
logs_simple_v1/log_exp2/log_exp2_run0.txt,2,0,0,-204.87719685166522,0.2,30
logs_simple_v1/log_exp2/log_exp2_run0.txt,2,0,5,525.7301760038958,0.26666666666666666,30
logs_simple_v1/log_exp2/log_exp2_run0.txt,2,0,10,1145.2885018998795,0.26666666666666666,30
logs_simple_v1/log_exp2/log_exp2_run0.txt,2,0,15,740.5193653314416,0.26666666666666666,30
logs_simple_v1/log_exp2/log_exp2_run0.txt,2,0,20,979.3451384385666,0.26666666666666666,30
logs_simple_v1/log_exp2/log_exp2_run0.txt,2,0,25,1733.1122349733284,0.26666666666666666,30
logs_simple_v1/log_exp2/log_exp2_run0.txt,2,0,30,1220.4406149937454,0.23333333333333334,30
logs_simple_v1/log_exp2/log_exp2_run0.txt,2,0,35,868.0138043717834,0.26666666666666666,30
logs_simple_v1/log_exp2/log_exp2_run0.txt,2,0,40,1521.7939545538288,0.3333333333333333,30
logs_simple_v1/log_exp2/log_exp2_run0.txt,2,0,45,1836.679568776803,0.36666666666666664,30
logs_simple_v1/log_exp2/log_exp2_run0.txt,2,0,50,1479.6527466411123,0.4,30
logs_simple_v1/log_exp2/log_exp2_run0.txt,2,0,55,1308.4542852077361,0.4,30
logs_simple_v1/log_exp2/log_exp2_run0.txt,2,0,60,1123.0694216107381,0.36666666666666664,30
logs_simple_v1/log_exp2/log_exp2_run0.txt,2,0,65,1343.0739341318185,0.36666666666666664,30
logs_simple_v1/log_exp2/log_exp2_run0.txt,2,0,70,1290.9337930525426,0.26666666666666666,30
logs_simple_v1/log_exp2/log_exp2_run0.txt,2,0,75,1149.5230767876733,0.3333333333333333,30
logs_simple_v1/log_exp2/log_exp2_run0.txt,2,0,80,1186.8233322456726,0.26666666666666666,30
logs_simple_v1/log_exp2/log_exp2_run0.txt,2,0,85,1083.7675998858858,0.36666666666666664,30
logs_simple_v1/log_exp2/log_exp2_run0.txt,2,0,90,1637.202732668075,0.3333333333333333,30
logs_simple_v1/log_exp2/log_exp2_run0.txt,2,0,95,1323.4739781909664,0.23333333333333334,30
logs_simple_v1/log_exp2/log_exp2_run0.txt,2,0,100,1591.3987529527662,0.26666666666666666,30
logs_simple_v1/log_exp2/log_exp2_run1.txt,2,1,0,-173.855369221474,0.3,30
logs_simple_v1/log_exp2/log_exp2_run1.txt,2,1,5,1607.2012311649623,0.23333333333333334,30
logs_simple_v1/log_exp2/log_exp2_run1.txt,2,1,10,1199.4956583987791,0.23333333333333334,30
logs_simple_v1/log_exp2/log_exp2_run1.txt,2,1,15,705.8536807260601,0.23333333333333334,30
logs_simple_v1/log_exp2/log_exp2_run1.txt,2,1,20,1004.9269228079969,0.26666666666666666,30
logs_simple_v1/log_exp2/log_exp2_run1.txt,2,1,25,1366.8576897404866,0.3333333333333333,30
logs_simple_v1/log_exp2/log_exp2_run1.txt,2,1,30,1432.6121025624414,0.26666666666666666,30
logs_simple_v1/log_exp2/log_exp2_run1.txt,2,1,35,954.2229036848121,0.23333333333333334,30
logs_simple_v1/log_exp2/log_exp2_run1.txt,2,1,40,1835.6011650230969,0.26666666666666666,30
logs_simple_v1/log_exp2/log_exp2_run1.txt,2,1,45,1313.4049467383218,0.2,30
logs_simple_v1/log_exp2/log_exp2_run1.txt,2,1,50,1972.3063453080574,0.36666666666666664,30
logs_simple_v1/log_exp2/log_exp2_run1.txt,2,1,55,1479.4350846763252,0.26666666666666666,30
logs_simple_v1/log_exp2/log_exp2_run1.txt,2,1,60,1921.0592105977507,0.2,30
logs_simple_v1/log_exp2/log_exp2_run1.txt,2,1,65,2353.0871590564147,0.3,30
logs_simple_v1/log_exp2/log_exp2_run1.txt,2,1,70,1862.34947114984,0.4,30
logs_simple_v1/log_exp2/log_exp2_run1.txt,2,1,75,1896.59527172803,0.3333333333333333,30
logs_simple_v1/log_exp2/log_exp2_run1.txt,2,1,80,1850.3063238356958,0.3333333333333333,30
logs_simple_v1/log_exp2/log_exp2_run1.txt,2,1,85,1983.5791499099323,0.23333333333333334,30
logs_simple_v1/log_exp2/log_exp2_run1.txt,2,1,90,2838.176108748991,0.3,30
logs_simple_v1/log_exp2/log_exp2_run1.txt,2,1,95,2359.077458315836,0.43333333333333335,30
logs_simple_v1/log_exp2/log_exp2_run1.txt,2,1,100,2912.962938344359,0.4,30
logs_simple_v1/log_exp2/log_exp2_run2.txt,2,2,0,3.0072228601260065,0.23333333333333334,30
logs_simple_v1/log_exp2/log_exp2_run2.txt,2,2,5,780.4555648471805,0.23333333333333334,30
logs_simple_v1/log_exp2/log_exp2_run2.txt,2,2,10,1126.7522830784264,0.23333333333333334,30
logs_simple_v1/log_exp2/log_exp2_run2.txt,2,2,15,1054.3276274836019,0.26666666666666666,30
logs_simple_v1/log_exp2/log_exp2_run2.txt,2,2,20,777.3233219394643,0.26666666666666666,30
logs_simple_v1/log_exp2/log_exp2_run2.txt,2,2,25,1377.7737457271319,0.23333333333333334,30
logs_simple_v1/log_exp2/log_exp2_run2.txt,2,2,30,624.0106298188939,0.26666666666666666,30
logs_simple_v1/log_exp2/log_exp2_run2.txt,2,2,35,496.5301069576574,0.26666666666666666,30
logs_simple_v1/log_exp2/log_exp2_run2.txt,2,2,40,1103.1727413600477,0.2,30
logs_simple_v1/log_exp2/log_exp2_run2.txt,2,2,45,920.1200321048491,0.3,30
logs_simple_v1/log_exp2/log_exp2_run2.txt,2,2,50,1008.432905484161,0.23333333333333334,30
logs_simple_v1/log_exp2/log_exp2_run2.txt,2,2,55,1389.744833471188,0.26666666666666666,30
logs_simple_v1/log_exp2/log_exp2_run2.txt,2,2,60,1107.3727367600588,0.3,30
logs_simple_v1/log_exp2/log_exp2_run2.txt,2,2,65,928.7718954814087,0.26666666666666666,30
logs_simple_v1/log_exp2/log_exp2_run2.txt,2,2,70,1394.8854834480821,0.26666666666666666,30
logs_simple_v1/log_exp2/log_exp2_run2.txt,2,2,75,1247.4123623879389,0.26666666666666666,30
logs_simple_v1/log_exp2/log_exp2_run2.txt,2,2,80,1547.3562027492928,0.16666666666666666,30
logs_simple_v1/log_exp2/log_exp2_run2.txt,2,2,85,558.3038838508908,0.3333333333333333,30
logs_simple_v1/log_exp2/log_exp2_run2.txt,2,2,90,1033.8568816252098,0.23333333333333334,30
logs_simple_v1/log_exp2/log_exp2_run2.txt,2,2,95,1128.9108710338123,0.26666666666666666,30
logs_simple_v1/log_exp2/log_exp2_run2.txt,2,2,100,807.0624322996614,0.3,30
logs_simple_v1/log_exp2/log_exp2_run3.txt,2,3,0,-468.3632700163515,0.2,30
logs_simple_v1/log_exp2/log_exp2_run3.txt,2,3,5,687.3921539214277,0.23333333333333334,30
logs_simple_v1/log_exp2/log_exp2_run3.txt,2,3,10,734.7434525598851,0.23333333333333334,30
logs_simple_v1/log_exp2/log_exp2_run3.txt,2,3,15,826.5112326738073,0.23333333333333334,30
logs_simple_v1/log_exp2/log_exp2_run3.txt,2,3,20,1929.8829447757507,0.23333333333333334,30
logs_simple_v1/log_exp2/log_exp2_run3.txt,2,3,25,366.83939135827734,0.23333333333333334,30
logs_simple_v1/log_exp2/log_exp2_run3.txt,2,3,30,770.4989367805297,0.2,30
logs_simple_v1/log_exp2/log_exp2_run3.txt,2,3,35,512.2647407838529,0.23333333333333334,30
logs_simple_v1/log_exp2/log_exp2_run3.txt,2,3,40,469.8355373103326,0.2,30
logs_simple_v1/log_exp2/log_exp2_run3.txt,2,3,45,852.228222569414,0.23333333333333334,30
logs_simple_v1/log_exp2/log_exp2_run3.txt,2,3,50,711.2782902480907,0.23333333333333334,30
logs_simple_v1/log_exp2/log_exp2_run3.txt,2,3,55,262.578036201781,0.3,30
logs_simple_v1/log_exp2/log_exp2_run3.txt,2,3,60,749.6486570221282,0.13333333333333333,30
logs_simple_v1/log_exp2/log_exp2_run3.txt,2,3,65,712.7167458264107,0.2,30
logs_simple_v1/log_exp2/log_exp2_run3.txt,2,3,70,517.0079426366892,0.23333333333333334,30
logs_simple_v1/log_exp2/log_exp2_run3.txt,2,3,75,681.9487391634717,0.26666666666666666,30
logs_simple_v1/log_exp2/log_exp2_run3.txt,2,3,80,652.3166791198162,0.23333333333333334,30
logs_simple_v1/log_exp2/log_exp2_run3.txt,2,3,85,909.5788224853671,0.23333333333333334,30
logs_simple_v1/log_exp2/log_exp2_run3.txt,2,3,90,726.7580114958212,0.2,30
logs_simple_v1/log_exp2/log_exp2_run3.txt,2,3,95,744.9177622999166,0.23333333333333334,30
logs_simple_v1/log_exp2/log_exp2_run3.txt,2,3,100,501.5787855440389,0.23333333333333334,30
logs_simple_v1/log_exp2/log_exp2_run4.txt,2,4,0,136.52909446895939,0.13333333333333333,30
logs_simple_v1/log_exp2/log_exp2_run4.txt,2,4,5,309.8789217429045,0.23333333333333334,30
logs_simple_v1/log_exp2/log_exp2_run4.txt,2,4,10,1112.272742297252,0.3,30
logs_simple_v1/log_exp2/log_exp2_run4.txt,2,4,15,1351.2125155158672,0.43333333333333335,30
logs_simple_v1/log_exp2/log_exp2_run4.txt,2,4,20,1177.7431787380156,0.36666666666666664,30
logs_simple_v1/log_exp2/log_exp2_run4.txt,2,4,25,975.34348109383,0.36666666666666664,30
logs_simple_v1/log_exp2/log_exp2_run4.txt,2,4,30,1746.1484234535153,0.26666666666666666,30
logs_simple_v1/log_exp2/log_exp2_run4.txt,2,4,35,1491.9835602780424,0.3333333333333333,30
logs_simple_v1/log_exp2/log_exp2_run4.txt,2,4,40,1874.955285196886,0.3333333333333333,30
logs_simple_v1/log_exp2/log_exp2_run4.txt,2,4,45,1607.909591488096,0.3,30
logs_simple_v1/log_exp2/log_exp2_run4.txt,2,4,50,1750.8647486981745,0.23333333333333334,30
logs_simple_v1/log_exp2/log_exp2_run4.txt,2,4,55,1794.1332934024435,0.4,30
logs_simple_v1/log_exp2/log_exp2_run4.txt,2,4,60,1806.8867261517275,0.36666666666666664,30
logs_simple_v1/log_exp2/log_exp2_run4.txt,2,4,65,1636.6878261722522,0.4666666666666667,30
logs_simple_v1/log_exp2/log_exp2_run4.txt,2,4,70,2343.659863866277,0.36666666666666664,30
logs_simple_v1/log_exp2/log_exp2_run4.txt,2,4,75,2589.5532683678757,0.5333333333333333,30
logs_simple_v1/log_exp2/log_exp2_run4.txt,2,4,80,2503.8196648411504,0.5,30
logs_simple_v1/log_exp2/log_exp2_run4.txt,2,4,85,2436.3572848746758,0.5,30
logs_simple_v1/log_exp2/log_exp2_run4.txt,2,4,90,2049.739631344599,0.5666666666666667,30
logs_simple_v1/log_exp2/log_exp2_run4.txt,2,4,95,2620.06023531891,0.43333333333333335,30
logs_simple_v1/log_exp2/log_exp2_run4.txt,2,4,100,3058.5410615628607,0.6,30
logs_simple_v1/log_exp3/log_exp3_run0.txt,3,0,0,-1029.9007661523133,0.03333333333333333,30
logs_simple_v1/log_exp3/log_exp3_run0.txt,3,0,5,493.88560839011325,0.26666666666666666,30
logs_simple_v1/log_exp3/log_exp3_run0.txt,3,0,10,431.41167165310776,0.2,30
logs_simple_v1/log_exp3/log_exp3_run0.txt,3,0,15,714.1067757207412,0.23333333333333334,30
logs_simple_v1/log_exp3/log_exp3_run0.txt,3,0,20,1354.8278041250865,0.23333333333333334,30
logs_simple_v1/log_exp3/log_exp3_run0.txt,3,0,25,779.8865912803928,0.23333333333333334,30
logs_simple_v1/log_exp3/log_exp3_run0.txt,3,0,30,663.4077448258245,0.23333333333333334,30
logs_simple_v1/log_exp3/log_exp3_run0.txt,3,0,35,444.78192932473,0.23333333333333334,30
logs_simple_v1/log_exp3/log_exp3_run0.txt,3,0,40,454.91932753304206,0.23333333333333334,30
logs_simple_v1/log_exp3/log_exp3_run0.txt,3,0,45,438.22870170500573,0.23333333333333334,30
logs_simple_v1/log_exp3/log_exp3_run0.txt,3,0,50,675.1771051498837,0.23333333333333334,30
logs_simple_v1/log_exp3/log_exp3_run0.txt,3,0,55,327.7779672346806,0.23333333333333334,30
logs_simple_v1/log_exp3/log_exp3_run0.txt,3,0,60,1018.3472634015794,0.23333333333333334,30
logs_simple_v1/log_exp3/log_exp3_run0.txt,3,0,65,576.1540052139417,0.23333333333333334,30
logs_simple_v1/log_exp3/log_exp3_run0.txt,3,0,70,1144.4061709322964,0.23333333333333334,30
logs_simple_v1/log_exp3/log_exp3_run0.txt,3,0,75,964.3571825516254,0.23333333333333334,30
logs_simple_v1/log_exp3/log_exp3_run0.txt,3,0,80,807.4649052350428,0.23333333333333334,30
logs_simple_v1/log_exp3/log_exp3_run0.txt,3,0,85,607.0134774506046,0.23333333333333334,30
logs_simple_v1/log_exp3/log_exp3_run0.txt,3,0,90,1200.6551381635657,0.23333333333333334,30
logs_simple_v1/log_exp3/log_exp3_run0.txt,3,0,95,1013.4036044251161,0.23333333333333334,30
logs_simple_v1/log_exp3/log_exp3_run0.txt,3,0,100,677.2540157529891,0.23333333333333334,30
logs_simple_v1/log_exp3/log_exp3_run1.txt,3,1,0,-321.490364278059,0.3,30
logs_simple_v1/log_exp3/log_exp3_run1.txt,3,1,5,745.3922313057453,0.3,30
logs_simple_v1/log_exp3/log_exp3_run1.txt,3,1,10,541.2393698623384,0.1,30
logs_simple_v1/log_exp3/log_exp3_run1.txt,3,1,15,1118.4888174877483,0.23333333333333334,30
logs_simple_v1/log_exp3/log_exp3_run1.txt,3,1,20,1158.3004963970898,0.23333333333333334,30
logs_simple_v1/log_exp3/log_exp3_run1.txt,3,1,25,1935.2962161714577,0.23333333333333334,30
logs_simple_v1/log_exp3/log_exp3_run1.txt,3,1,30,1469.1349925720908,0.2,30
logs_simple_v1/log_exp3/log_exp3_run1.txt,3,1,35,1259.781772587859,0.2,30
logs_simple_v1/log_exp3/log_exp3_run1.txt,3,1,40,1092.9615122106384,0.23333333333333334,30
logs_simple_v1/log_exp3/log_exp3_run1.txt,3,1,45,1397.9293767037934,0.23333333333333334,30
logs_simple_v1/log_exp3/log_exp3_run1.txt,3,1,50,1150.4168497796645,0.2,30
logs_simple_v1/log_exp3/log_exp3_run1.txt,3,1,55,1394.3481103668,0.23333333333333334,30
logs_simple_v1/log_exp3/log_exp3_run1.txt,3,1,60,1198.1811020979674,0.2,30
logs_simple_v1/log_exp3/log_exp3_run1.txt,3,1,65,1329.1025680741818,0.2,30
logs_simple_v1/log_exp3/log_exp3_run1.txt,3,1,70,981.2944504346488,0.2,30
logs_simple_v1/log_exp3/log_exp3_run1.txt,3,1,75,1443.102655446487,0.23333333333333334,30
logs_simple_v1/log_exp3/log_exp3_run1.txt,3,1,80,959.0557977726794,0.2,30
logs_simple_v1/log_exp3/log_exp3_run1.txt,3,1,85,789.4606553582187,0.23333333333333334,30
logs_simple_v1/log_exp3/log_exp3_run1.txt,3,1,90,1534.0326742734728,0.23333333333333334,30
logs_simple_v1/log_exp3/log_exp3_run1.txt,3,1,95,1754.1605740474422,0.23333333333333334,30
logs_simple_v1/log_exp3/log_exp3_run1.txt,3,1,100,1288.996440029593,0.23333333333333334,30
logs_simple_v1/log_exp3/log_exp3_run2.txt,3,2,0,-343.68184276902645,0.13333333333333333,30
logs_simple_v1/log_exp3/log_exp3_run2.txt,3,2,5,957.7265834611931,0.36666666666666664,30
logs_simple_v1/log_exp3/log_exp3_run2.txt,3,2,10,2900.9667373107645,0.6333333333333333,30
logs_simple_v1/log_exp3/log_exp3_run2.txt,3,2,15,3983.993703356842,0.5333333333333333,30
logs_simple_v1/log_exp3/log_exp3_run2.txt,3,2,20,3546.4853271027896,0.4,30
logs_simple_v1/log_exp3/log_exp3_run2.txt,3,2,25,4333.560820841277,0.5666666666666667,30
logs_simple_v1/log_exp3/log_exp3_run2.txt,3,2,30,4062.997719747102,0.6,30
logs_simple_v1/log_exp3/log_exp3_run2.txt,3,2,35,4172.940487034848,0.5,30
logs_simple_v1/log_exp3/log_exp3_run2.txt,3,2,40,3903.1843926161814,0.5666666666666667,30
logs_simple_v1/log_exp3/log_exp3_run2.txt,3,2,45,4052.1880553342244,0.5666666666666667,30
logs_simple_v1/log_exp3/log_exp3_run2.txt,3,2,50,3910.6371617363434,0.7,30
logs_simple_v1/log_exp3/log_exp3_run2.txt,3,2,55,3971.420726576982,0.7,30
logs_simple_v1/log_exp3/log_exp3_run2.txt,3,2,60,4213.341672582934,0.5,30
logs_simple_v1/log_exp3/log_exp3_run2.txt,3,2,65,4443.70194764824,0.8666666666666667,30
logs_simple_v1/log_exp3/log_exp3_run2.txt,3,2,70,4774.811976273684,0.7333333333333333,30
logs_simple_v1/log_exp3/log_exp3_run2.txt,3,2,75,4603.265656611731,0.6333333333333333,30
logs_simple_v1/log_exp3/log_exp3_run2.txt,3,2,80,4862.8675738520205,0.8,30
logs_simple_v1/log_exp3/log_exp3_run2.txt,3,2,85,4760.360148184898,0.6666666666666666,30
logs_simple_v1/log_exp3/log_exp3_run2.txt,3,2,90,4523.021292615694,0.7666666666666667,30
logs_simple_v1/log_exp3/log_exp3_run2.txt,3,2,95,4725.739300188589,0.7333333333333333,30
logs_simple_v1/log_exp3/log_exp3_run2.txt,3,2,100,4733.181404240743,0.7333333333333333,30
logs_simple_v1/log_exp3/log_exp3_run3.txt,3,3,0,-847.324247368169,0.23333333333333334,30
logs_simple_v1/log_exp3/log_exp3_run3.txt,3,3,5,340.4071593054505,0.23333333333333334,30
logs_simple_v1/log_exp3/log_exp3_run3.txt,3,3,10,910.9215675867831,0.23333333333333334,30
logs_simple_v1/log_exp3/log_exp3_run3.txt,3,3,15,911.6357690716186,0.23333333333333334,30
logs_simple_v1/log_exp3/log_exp3_run3.txt,3,3,20,932.7383029415857,0.2,30
logs_simple_v1/log_exp3/log_exp3_run3.txt,3,3,25,1028.2864110415471,0.23333333333333334,30
logs_simple_v1/log_exp3/log_exp3_run3.txt,3,3,30,894.9607465860552,0.23333333333333334,30
logs_simple_v1/log_exp3/log_exp3_run3.txt,3,3,35,731.5386262830725,0.23333333333333334,30
logs_simple_v1/log_exp3/log_exp3_run3.txt,3,3,40,963.5019639212292,0.23333333333333334,30
logs_simple_v1/log_exp3/log_exp3_run3.txt,3,3,45,909.1932590899779,0.23333333333333334,30
logs_simple_v1/log_exp3/log_exp3_run3.txt,3,3,50,1318.326782677189,0.23333333333333334,30
logs_simple_v1/log_exp3/log_exp3_run3.txt,3,3,55,807.397490914278,0.23333333333333334,30
logs_simple_v1/log_exp3/log_exp3_run3.txt,3,3,60,806.18526542829,0.23333333333333334,30
logs_simple_v1/log_exp3/log_exp3_run3.txt,3,3,65,988.5086783349534,0.23333333333333334,30
logs_simple_v1/log_exp3/log_exp3_run3.txt,3,3,70,982.4607923867032,0.26666666666666666,30
logs_simple_v1/log_exp3/log_exp3_run3.txt,3,3,75,900.0378134292191,0.23333333333333334,30
logs_simple_v1/log_exp3/log_exp3_run3.txt,3,3,80,940.5801718214303,0.23333333333333334,30
logs_simple_v1/log_exp3/log_exp3_run3.txt,3,3,85,1275.6768791784286,0.23333333333333334,30
logs_simple_v1/log_exp3/log_exp3_run3.txt,3,3,90,593.5042546982133,0.23333333333333334,30
logs_simple_v1/log_exp3/log_exp3_run3.txt,3,3,95,1191.4738546286994,0.23333333333333334,30
logs_simple_v1/log_exp3/log_exp3_run3.txt,3,3,100,952.2322617777468,0.26666666666666666,30
logs_simple_v1/log_exp3/log_exp3_run4.txt,3,4,0,-345.30234152173983,0.13333333333333333,30
logs_simple_v1/log_exp3/log_exp3_run4.txt,3,4,5,720.9436359632417,0.26666666666666666,30
logs_simple_v1/log_exp3/log_exp3_run4.txt,3,4,10,1388.8791663546099,0.3333333333333333,30
logs_simple_v1/log_exp3/log_exp3_run4.txt,3,4,15,1447.4536519995147,0.16666666666666666,30
logs_simple_v1/log_exp3/log_exp3_run4.txt,3,4,20,1493.7979554486537,0.36666666666666664,30
logs_simple_v1/log_exp3/log_exp3_run4.txt,3,4,25,1196.5837761170155,0.3333333333333333,30
logs_simple_v1/log_exp3/log_exp3_run4.txt,3,4,30,1310.7477248858133,0.43333333333333335,30
logs_simple_v1/log_exp3/log_exp3_run4.txt,3,4,35,1454.2828423553412,0.3333333333333333,30
logs_simple_v1/log_exp3/log_exp3_run4.txt,3,4,40,1417.2940834046465,0.3333333333333333,30
logs_simple_v1/log_exp3/log_exp3_run4.txt,3,4,45,1615.5477542596843,0.3333333333333333,30
logs_simple_v1/log_exp3/log_exp3_run4.txt,3,4,50,1783.393589896219,0.3333333333333333,30
logs_simple_v1/log_exp3/log_exp3_run4.txt,3,4,55,1224.2060696162278,0.3333333333333333,30
logs_simple_v1/log_exp3/log_exp3_run4.txt,3,4,60,1689.1062604409935,0.36666666666666664,30
logs_simple_v1/log_exp3/log_exp3_run4.txt,3,4,65,1537.4987884547797,0.36666666666666664,30
logs_simple_v1/log_exp3/log_exp3_run4.txt,3,4,70,1492.2643004591205,0.36666666666666664,30
logs_simple_v1/log_exp3/log_exp3_run4.txt,3,4,75,2031.2826923000084,0.26666666666666666,30
logs_simple_v1/log_exp3/log_exp3_run4.txt,3,4,80,2108.006148686254,0.3333333333333333,30
logs_simple_v1/log_exp3/log_exp3_run4.txt,3,4,85,1577.1940230232326,0.3,30
logs_simple_v1/log_exp3/log_exp3_run4.txt,3,4,90,1704.1079761465232,0.3,30
logs_simple_v1/log_exp3/log_exp3_run4.txt,3,4,95,1941.3899817139402,0.3333333333333333,30
logs_simple_v1/log_exp3/log_exp3_run4.txt,3,4,100,1358.9837601488216,0.3333333333333333,30
logs_simple_v1/log_exp4/log_exp4_run0.txt,4,0,0,-544.0034325662076,0.2,30
logs_simple_v1/log_exp4/log_exp4_run0.txt,4,0,5,747.8295842069292,0.2,30
logs_simple_v1/log_exp4/log_exp4_run0.txt,4,0,10,853.1193989318633,0.13333333333333333,30
logs_simple_v1/log_exp4/log_exp4_run0.txt,4,0,15,1149.3924118680748,0.23333333333333334,30
logs_simple_v1/log_exp4/log_exp4_run0.txt,4,0,20,838.137144548815,0.23333333333333334,30
logs_simple_v1/log_exp4/log_exp4_run0.txt,4,0,25,772.7598933819705,0.1,30
logs_simple_v1/log_exp4/log_exp4_run0.txt,4,0,30,1335.9144193585491,0.23333333333333334,30
logs_simple_v1/log_exp4/log_exp4_run0.txt,4,0,35,1589.1204592693846,0.26666666666666666,30
logs_simple_v1/log_exp4/log_exp4_run0.txt,4,0,40,1816.8623917787527,0.26666666666666666,30
logs_simple_v1/log_exp4/log_exp4_run0.txt,4,0,45,948.0992750237327,0.26666666666666666,30
logs_simple_v1/log_exp4/log_exp4_run0.txt,4,0,50,1070.6699057518542,0.23333333333333334,30
logs_simple_v1/log_exp4/log_exp4_run0.txt,4,0,55,1164.3590892291606,0.23333333333333334,30
logs_simple_v1/log_exp4/log_exp4_run0.txt,4,0,60,1208.896915373005,0.23333333333333334,30
logs_simple_v1/log_exp4/log_exp4_run0.txt,4,0,65,984.876837987727,0.23333333333333334,30
logs_simple_v1/log_exp4/log_exp4_run0.txt,4,0,70,1280.3863559862825,0.23333333333333334,30
logs_simple_v1/log_exp4/log_exp4_run0.txt,4,0,75,1163.8504864570118,0.23333333333333334,30
logs_simple_v1/log_exp4/log_exp4_run0.txt,4,0,80,1003.5137118992086,0.23333333333333334,30
logs_simple_v1/log_exp4/log_exp4_run0.txt,4,0,85,1456.4124909373136,0.23333333333333334,30
logs_simple_v1/log_exp4/log_exp4_run0.txt,4,0,90,1139.8113934082398,0.23333333333333334,30
logs_simple_v1/log_exp4/log_exp4_run0.txt,4,0,95,1453.6128593053047,0.23333333333333334,30
logs_simple_v1/log_exp4/log_exp4_run0.txt,4,0,100,706.1251316487865,0.26666666666666666,30
logs_simple_v1/log_exp4/log_exp4_run1.txt,4,1,0,-368.60363253907474,0.03333333333333333,30
logs_simple_v1/log_exp4/log_exp4_run1.txt,4,1,5,666.8209571896114,0.23333333333333334,30
logs_simple_v1/log_exp4/log_exp4_run1.txt,4,1,10,674.7246222294551,0.26666666666666666,30
logs_simple_v1/log_exp4/log_exp4_run1.txt,4,1,15,1007.809024958118,0.26666666666666666,30
logs_simple_v1/log_exp4/log_exp4_run1.txt,4,1,20,1282.4336200317025,0.3,30
logs_simple_v1/log_exp4/log_exp4_run1.txt,4,1,25,997.0646430605617,0.23333333333333334,30
logs_simple_v1/log_exp4/log_exp4_run1.txt,4,1,30,1401.4330870700508,0.3,30
logs_simple_v1/log_exp4/log_exp4_run1.txt,4,1,35,1223.3032020328733,0.23333333333333334,30
logs_simple_v1/log_exp4/log_exp4_run1.txt,4,1,40,1207.5875137796559,0.3333333333333333,30
logs_simple_v1/log_exp4/log_exp4_run1.txt,4,1,45,1368.838174646056,0.23333333333333334,30
logs_simple_v1/log_exp4/log_exp4_run1.txt,4,1,50,700.2627753035731,0.26666666666666666,30
logs_simple_v1/log_exp4/log_exp4_run1.txt,4,1,55,884.6865007024367,0.23333333333333334,30
logs_simple_v1/log_exp4/log_exp4_run1.txt,4,1,60,944.0130776916895,0.23333333333333334,30
logs_simple_v1/log_exp4/log_exp4_run1.txt,4,1,65,1526.8060936949596,0.3,30
logs_simple_v1/log_exp4/log_exp4_run1.txt,4,1,70,987.8039835059533,0.23333333333333334,30
logs_simple_v1/log_exp4/log_exp4_run1.txt,4,1,75,1120.3128400312114,0.23333333333333334,30
logs_simple_v1/log_exp4/log_exp4_run1.txt,4,1,80,761.3181099312397,0.26666666666666666,30
logs_simple_v1/log_exp4/log_exp4_run1.txt,4,1,85,865.6226858408445,0.26666666666666666,30
logs_simple_v1/log_exp4/log_exp4_run1.txt,4,1,90,1346.5509396687337,0.26666666666666666,30
logs_simple_v1/log_exp4/log_exp4_run1.txt,4,1,95,1071.9242534590646,0.26666666666666666,30
logs_simple_v1/log_exp4/log_exp4_run1.txt,4,1,100,1036.3485047765093,0.26666666666666666,30
logs_simple_v1/log_exp4/log_exp4_run2.txt,4,2,0,727.0579029973849,0.26666666666666666,30
logs_simple_v1/log_exp4/log_exp4_run2.txt,4,2,5,44.84443078912247,0.23333333333333334,30
logs_simple_v1/log_exp4/log_exp4_run2.txt,4,2,10,581.439358484389,0.23333333333333334,30
logs_simple_v1/log_exp4/log_exp4_run2.txt,4,2,15,1111.9286085587669,0.23333333333333334,30
logs_simple_v1/log_exp4/log_exp4_run2.txt,4,2,20,625.9135730446508,0.26666666666666666,30
logs_simple_v1/log_exp4/log_exp4_run2.txt,4,2,25,531.6896049400581,0.23333333333333334,30
logs_simple_v1/log_exp4/log_exp4_run2.txt,4,2,30,1035.5178586970862,0.23333333333333334,30
logs_simple_v1/log_exp4/log_exp4_run2.txt,4,2,35,911.7879679897543,0.23333333333333334,30
logs_simple_v1/log_exp4/log_exp4_run2.txt,4,2,40,649.1615628174959,0.3,30
logs_simple_v1/log_exp4/log_exp4_run2.txt,4,2,45,1125.472953170437,0.23333333333333334,30
logs_simple_v1/log_exp4/log_exp4_run2.txt,4,2,50,1160.64927953327,0.26666666666666666,30
logs_simple_v1/log_exp4/log_exp4_run2.txt,4,2,55,1170.2250962816306,0.26666666666666666,30
logs_simple_v1/log_exp4/log_exp4_run2.txt,4,2,60,1278.368327804925,0.26666666666666666,30
logs_simple_v1/log_exp4/log_exp4_run2.txt,4,2,65,1169.130216601816,0.3,30
logs_simple_v1/log_exp4/log_exp4_run2.txt,4,2,70,717.4618768377991,0.23333333333333334,30
logs_simple_v1/log_exp4/log_exp4_run2.txt,4,2,75,1282.5163806564078,0.23333333333333334,30
logs_simple_v1/log_exp4/log_exp4_run2.txt,4,2,80,954.4220238507971,0.26666666666666666,30
logs_simple_v1/log_exp4/log_exp4_run2.txt,4,2,85,893.7208753284644,0.23333333333333334,30
logs_simple_v1/log_exp4/log_exp4_run2.txt,4,2,90,1278.6500310985418,0.26666666666666666,30
logs_simple_v1/log_exp4/log_exp4_run2.txt,4,2,95,867.9215097502062,0.23333333333333334,30
logs_simple_v1/log_exp4/log_exp4_run2.txt,4,2,100,1239.3783058306244,0.23333333333333334,30
logs_simple_v1/log_exp4/log_exp4_run3.txt,4,3,0,-340.286122010776,0.23333333333333334,30
logs_simple_v1/log_exp4/log_exp4_run3.txt,4,3,5,353.4887518934344,0.2,30
logs_simple_v1/log_exp4/log_exp4_run3.txt,4,3,10,602.1126034380047,0.23333333333333334,30
logs_simple_v1/log_exp4/log_exp4_run3.txt,4,3,15,1081.0623062415202,0.2,30
logs_simple_v1/log_exp4/log_exp4_run3.txt,4,3,20,714.4507078617683,0.3,30
logs_simple_v1/log_exp4/log_exp4_run3.txt,4,3,25,740.2826786817678,0.26666666666666666,30
logs_simple_v1/log_exp4/log_exp4_run3.txt,4,3,30,1107.4553934638184,0.3,30
logs_simple_v1/log_exp4/log_exp4_run3.txt,4,3,35,831.2249781409907,0.2,30
logs_simple_v1/log_exp4/log_exp4_run3.txt,4,3,40,742.3608268590473,0.26666666666666666,30
logs_simple_v1/log_exp4/log_exp4_run3.txt,4,3,45,553.4644665079616,0.3,30
logs_simple_v1/log_exp4/log_exp4_run3.txt,4,3,50,1376.6475552387062,0.23333333333333334,30
logs_simple_v1/log_exp4/log_exp4_run3.txt,4,3,55,1450.4639191208198,0.2,30
logs_simple_v1/log_exp4/log_exp4_run3.txt,4,3,60,1270.2454255751109,0.2,30
logs_simple_v1/log_exp4/log_exp4_run3.txt,4,3,65,1242.0839160652781,0.3,30
logs_simple_v1/log_exp4/log_exp4_run3.txt,4,3,70,1588.4193766139374,0.23333333333333334,30
logs_simple_v1/log_exp4/log_exp4_run3.txt,4,3,75,870.4923706658988,0.23333333333333334,30
logs_simple_v1/log_exp4/log_exp4_run3.txt,4,3,80,1169.537632856718,0.3,30
logs_simple_v1/log_exp4/log_exp4_run3.txt,4,3,85,980.2414522369543,0.3,30
logs_simple_v1/log_exp4/log_exp4_run3.txt,4,3,90,922.6193845027154,0.3,30
logs_simple_v1/log_exp4/log_exp4_run3.txt,4,3,95,1150.5217844009971,0.23333333333333334,30
logs_simple_v1/log_exp4/log_exp4_run3.txt,4,3,100,811.8107228371293,0.26666666666666666,30
logs_simple_v1/log_exp4/log_exp4_run4.txt,4,4,0,-1.755506627169467,0.23333333333333334,30
logs_simple_v1/log_exp4/log_exp4_run4.txt,4,4,5,711.8453359157377,0.23333333333333334,30
logs_simple_v1/log_exp4/log_exp4_run4.txt,4,4,10,766.278597620757,0.2,30
logs_simple_v1/log_exp4/log_exp4_run4.txt,4,4,15,1062.8274826435972,0.23333333333333334,30
logs_simple_v1/log_exp4/log_exp4_run4.txt,4,4,20,978.1079226322439,0.23333333333333334,30
logs_simple_v1/log_exp4/log_exp4_run4.txt,4,4,25,502.3149763232623,0.23333333333333334,30
logs_simple_v1/log_exp4/log_exp4_run4.txt,4,4,30,1152.6977836792034,0.23333333333333334,30
logs_simple_v1/log_exp4/log_exp4_run4.txt,4,4,35,749.9111762597483,0.23333333333333334,30
logs_simple_v1/log_exp4/log_exp4_run4.txt,4,4,40,996.9366154743184,0.23333333333333334,30
logs_simple_v1/log_exp4/log_exp4_run4.txt,4,4,45,849.9146693003257,0.23333333333333334,30
logs_simple_v1/log_exp4/log_exp4_run4.txt,4,4,50,805.4074256292167,0.23333333333333334,30
logs_simple_v1/log_exp4/log_exp4_run4.txt,4,4,55,1333.860953997178,0.2,30
logs_simple_v1/log_exp4/log_exp4_run4.txt,4,4,60,716.4655777224017,0.2,30
logs_simple_v1/log_exp4/log_exp4_run4.txt,4,4,65,1084.4270208010594,0.23333333333333334,30
logs_simple_v1/log_exp4/log_exp4_run4.txt,4,4,70,666.7024331203845,0.26666666666666666,30
logs_simple_v1/log_exp4/log_exp4_run4.txt,4,4,75,849.3347269217128,0.23333333333333334,30
logs_simple_v1/log_exp4/log_exp4_run4.txt,4,4,80,642.3570105914566,0.23333333333333334,30
logs_simple_v1/log_exp4/log_exp4_run4.txt,4,4,85,674.3194282616016,0.23333333333333334,30
logs_simple_v1/log_exp4/log_exp4_run4.txt,4,4,90,765.537374991273,0.2,30
logs_simple_v1/log_exp4/log_exp4_run4.txt,4,4,95,1699.5260906753902,0.23333333333333334,30
logs_simple_v1/log_exp4/log_exp4_run4.txt,4,4,100,738.3675499347174,0.2,30
logs_simple_v1/log_exp5/log_exp5_run0.txt,5,0,0,-318.57475476108533,0.2,30
logs_simple_v1/log_exp5/log_exp5_run0.txt,5,0,5,281.90809131386425,0.26666666666666666,30
logs_simple_v1/log_exp5/log_exp5_run0.txt,5,0,10,661.6083695160033,0.2,30
logs_simple_v1/log_exp5/log_exp5_run0.txt,5,0,15,1088.0932428912972,0.2,30
logs_simple_v1/log_exp5/log_exp5_run0.txt,5,0,20,771.052195581363,0.26666666666666666,30
logs_simple_v1/log_exp5/log_exp5_run0.txt,5,0,25,888.290177707437,0.23333333333333334,30
logs_simple_v1/log_exp5/log_exp5_run0.txt,5,0,30,1146.8285612651273,0.26666666666666666,30
logs_simple_v1/log_exp5/log_exp5_run0.txt,5,0,35,839.9100641669268,0.26666666666666666,30
logs_simple_v1/log_exp5/log_exp5_run0.txt,5,0,40,1376.3098415497113,0.26666666666666666,30
logs_simple_v1/log_exp5/log_exp5_run0.txt,5,0,45,1955.126727910045,0.2,30
logs_simple_v1/log_exp5/log_exp5_run0.txt,5,0,50,1241.729128507689,0.23333333333333334,30
logs_simple_v1/log_exp5/log_exp5_run0.txt,5,0,55,1078.4640093332432,0.16666666666666666,30
logs_simple_v1/log_exp5/log_exp5_run0.txt,5,0,60,1426.0192039625067,0.23333333333333334,30
logs_simple_v1/log_exp5/log_exp5_run0.txt,5,0,65,1152.1031284245944,0.2,30
logs_simple_v1/log_exp5/log_exp5_run0.txt,5,0,70,1838.4632809575317,0.23333333333333334,30
logs_simple_v1/log_exp5/log_exp5_run0.txt,5,0,75,1186.5685034260018,0.26666666666666666,30
logs_simple_v1/log_exp5/log_exp5_run0.txt,5,0,80,1186.9786140627225,0.26666666666666666,30
logs_simple_v1/log_exp5/log_exp5_run0.txt,5,0,85,1045.755513336348,0.23333333333333334,30
logs_simple_v1/log_exp5/log_exp5_run0.txt,5,0,90,1393.4562969156627,0.26666666666666666,30
logs_simple_v1/log_exp5/log_exp5_run0.txt,5,0,95,1301.8908833831126,0.26666666666666666,30
logs_simple_v1/log_exp5/log_exp5_run0.txt,5,0,100,995.4778269520095,0.26666666666666666,30
logs_simple_v1/log_exp5/log_exp5_run1.txt,5,1,0,-136.48366843627147,0.26666666666666666,30
logs_simple_v1/log_exp5/log_exp5_run1.txt,5,1,5,970.0781362012485,0.3,30
logs_simple_v1/log_exp5/log_exp5_run1.txt,5,1,10,1025.6678041638368,0.26666666666666666,30
logs_simple_v1/log_exp5/log_exp5_run1.txt,5,1,15,1563.504502757736,0.26666666666666666,30
logs_simple_v1/log_exp5/log_exp5_run1.txt,5,1,20,1397.5805536318085,0.26666666666666666,30
logs_simple_v1/log_exp5/log_exp5_run1.txt,5,1,25,968.5186275054966,0.3333333333333333,30
logs_simple_v1/log_exp5/log_exp5_run1.txt,5,1,30,1863.1521308631354,0.26666666666666666,30
logs_simple_v1/log_exp5/log_exp5_run1.txt,5,1,35,1388.060013515879,0.23333333333333334,30
logs_simple_v1/log_exp5/log_exp5_run1.txt,5,1,40,1256.833769098885,0.3333333333333333,30
logs_simple_v1/log_exp5/log_exp5_run1.txt,5,1,45,887.7359956951384,0.26666666666666666,30
logs_simple_v1/log_exp5/log_exp5_run1.txt,5,1,50,1587.0737654490779,0.26666666666666666,30
logs_simple_v1/log_exp5/log_exp5_run1.txt,5,1,55,891.6017742028566,0.23333333333333334,30
logs_simple_v1/log_exp5/log_exp5_run1.txt,5,1,60,1051.2393840718996,0.26666666666666666,30
logs_simple_v1/log_exp5/log_exp5_run1.txt,5,1,65,1274.4995459467088,0.26666666666666666,30
logs_simple_v1/log_exp5/log_exp5_run1.txt,5,1,70,1211.8898366348885,0.26666666666666666,30
logs_simple_v1/log_exp5/log_exp5_run1.txt,5,1,75,1212.857138447975,0.3333333333333333,30
logs_simple_v1/log_exp5/log_exp5_run1.txt,5,1,80,1633.9269219989994,0.3333333333333333,30
logs_simple_v1/log_exp5/log_exp5_run1.txt,5,1,85,1033.730961451747,0.3333333333333333,30
logs_simple_v1/log_exp5/log_exp5_run1.txt,5,1,90,1067.1528115191372,0.3,30
logs_simple_v1/log_exp5/log_exp5_run1.txt,5,1,95,1296.0581755601343,0.26666666666666666,30
logs_simple_v1/log_exp5/log_exp5_run1.txt,5,1,100,1110.9161059977057,0.3,30
logs_simple_v1/log_exp5/log_exp5_run2.txt,5,2,0,-630.477751072796,0.26666666666666666,30
logs_simple_v1/log_exp5/log_exp5_run2.txt,5,2,5,457.0635122982169,0.23333333333333334,30
logs_simple_v1/log_exp5/log_exp5_run2.txt,5,2,10,504.74280017553815,0.2,30
logs_simple_v1/log_exp5/log_exp5_run2.txt,5,2,15,432.15322239819045,0.23333333333333334,30
logs_simple_v1/log_exp5/log_exp5_run2.txt,5,2,20,738.4027998385527,0.23333333333333334,30
logs_simple_v1/log_exp5/log_exp5_run2.txt,5,2,25,973.5164133753675,0.2,30
logs_simple_v1/log_exp5/log_exp5_run2.txt,5,2,30,802.3857525835352,0.26666666666666666,30
logs_simple_v1/log_exp5/log_exp5_run2.txt,5,2,35,733.5713659982334,0.23333333333333334,30
logs_simple_v1/log_exp5/log_exp5_run2.txt,5,2,40,832.5010726113287,0.23333333333333334,30
logs_simple_v1/log_exp5/log_exp5_run2.txt,5,2,45,659.5804875002223,0.26666666666666666,30
logs_simple_v1/log_exp5/log_exp5_run2.txt,5,2,50,1310.9954974201164,0.3,30
logs_simple_v1/log_exp5/log_exp5_run2.txt,5,2,55,980.0377686112213,0.3333333333333333,30
logs_simple_v1/log_exp5/log_exp5_run2.txt,5,2,60,1240.6192332311664,0.3333333333333333,30
logs_simple_v1/log_exp5/log_exp5_run2.txt,5,2,65,1071.397486380452,0.3,30
logs_simple_v1/log_exp5/log_exp5_run2.txt,5,2,70,1401.940356208846,0.3333333333333333,30
logs_simple_v1/log_exp5/log_exp5_run2.txt,5,2,75,1274.0104075218767,0.3,30
logs_simple_v1/log_exp5/log_exp5_run2.txt,5,2,80,1067.950924972774,0.3,30
logs_simple_v1/log_exp5/log_exp5_run2.txt,5,2,85,1519.5030361938109,0.3333333333333333,30
logs_simple_v1/log_exp5/log_exp5_run2.txt,5,2,90,1213.1526708894637,0.3333333333333333,30
logs_simple_v1/log_exp5/log_exp5_run2.txt,5,2,95,1268.4667919840904,0.3333333333333333,30
logs_simple_v1/log_exp5/log_exp5_run2.txt,5,2,100,1397.2578425290787,0.26666666666666666,30
logs_simple_v1/log_exp5/log_exp5_run3.txt,5,3,0,243.382631672554,0.23333333333333334,30
logs_simple_v1/log_exp5/log_exp5_run3.txt,5,3,5,987.1621159344397,0.26666666666666666,30
logs_simple_v1/log_exp5/log_exp5_run3.txt,5,3,10,1177.8452474543597,0.26666666666666666,30
logs_simple_v1/log_exp5/log_exp5_run3.txt,5,3,15,1249.893578767704,0.3333333333333333,30
logs_simple_v1/log_exp5/log_exp5_run3.txt,5,3,20,849.9348881505282,0.3333333333333333,30
logs_simple_v1/log_exp5/log_exp5_run3.txt,5,3,25,873.8722742240499,0.3,30
logs_simple_v1/log_exp5/log_exp5_run3.txt,5,3,30,1193.505485044981,0.3,30
logs_simple_v1/log_exp5/log_exp5_run3.txt,5,3,35,736.1116521789324,0.3,30
logs_simple_v1/log_exp5/log_exp5_run3.txt,5,3,40,1032.3401846327265,0.3,30
logs_simple_v1/log_exp5/log_exp5_run3.txt,5,3,45,1120.8624660704868,0.26666666666666666,30
logs_simple_v1/log_exp5/log_exp5_run3.txt,5,3,50,1356.2054818442589,0.3333333333333333,30
logs_simple_v1/log_exp5/log_exp5_run3.txt,5,3,55,895.8095313499454,0.3333333333333333,30
logs_simple_v1/log_exp5/log_exp5_run3.txt,5,3,60,1060.808130905707,0.3,30
logs_simple_v1/log_exp5/log_exp5_run3.txt,5,3,65,794.603625334791,0.3333333333333333,30
logs_simple_v1/log_exp5/log_exp5_run3.txt,5,3,70,1170.3529207402134,0.3333333333333333,30
logs_simple_v1/log_exp5/log_exp5_run3.txt,5,3,75,1098.9129812199712,0.3333333333333333,30
logs_simple_v1/log_exp5/log_exp5_run3.txt,5,3,80,966.1752198881491,0.26666666666666666,30
logs_simple_v1/log_exp5/log_exp5_run3.txt,5,3,85,979.7544157829103,0.3,30
logs_simple_v1/log_exp5/log_exp5_run3.txt,5,3,90,797.3111516858473,0.26666666666666666,30
logs_simple_v1/log_exp5/log_exp5_run3.txt,5,3,95,892.5928384132155,0.3,30
logs_simple_v1/log_exp5/log_exp5_run3.txt,5,3,100,1237.3938120591306,0.3,30
logs_simple_v1/log_exp5/log_exp5_run4.txt,5,4,0,229.892698990428,0.23333333333333334,30
logs_simple_v1/log_exp5/log_exp5_run4.txt,5,4,5,631.2687259898419,0.23333333333333334,30
logs_simple_v1/log_exp5/log_exp5_run4.txt,5,4,10,1255.9656001705457,0.23333333333333334,30
logs_simple_v1/log_exp5/log_exp5_run4.txt,5,4,15,1251.5045074699608,0.23333333333333334,30
logs_simple_v1/log_exp5/log_exp5_run4.txt,5,4,20,1389.8349179740603,0.3,30
logs_simple_v1/log_exp5/log_exp5_run4.txt,5,4,25,408.9514746526065,0.3,30
logs_simple_v1/log_exp5/log_exp5_run4.txt,5,4,30,716.025795048996,0.23333333333333334,30
logs_simple_v1/log_exp5/log_exp5_run4.txt,5,4,35,827.151904483927,0.23333333333333334,30
logs_simple_v1/log_exp5/log_exp5_run4.txt,5,4,40,1029.318771158376,0.3,30
logs_simple_v1/log_exp5/log_exp5_run4.txt,5,4,45,1558.2174427508196,0.23333333333333334,30
logs_simple_v1/log_exp5/log_exp5_run4.txt,5,4,50,1196.5500885263725,0.26666666666666666,30
logs_simple_v1/log_exp5/log_exp5_run4.txt,5,4,55,1161.3870750194244,0.3333333333333333,30
logs_simple_v1/log_exp5/log_exp5_run4.txt,5,4,60,1223.5040960818362,0.3333333333333333,30
logs_simple_v1/log_exp5/log_exp5_run4.txt,5,4,65,1611.4036376219387,0.3333333333333333,30
logs_simple_v1/log_exp5/log_exp5_run4.txt,5,4,70,1234.5139412254962,0.3333333333333333,30
logs_simple_v1/log_exp5/log_exp5_run4.txt,5,4,75,1386.7950140375908,0.3333333333333333,30
logs_simple_v1/log_exp5/log_exp5_run4.txt,5,4,80,1391.619496983414,0.3333333333333333,30
logs_simple_v1/log_exp5/log_exp5_run4.txt,5,4,85,914.9273611822689,0.3,30
logs_simple_v1/log_exp5/log_exp5_run4.txt,5,4,90,1016.5472801702016,0.3333333333333333,30
logs_simple_v1/log_exp5/log_exp5_run4.txt,5,4,95,1704.2511541318995,0.3333333333333333,30
logs_simple_v1/log_exp5/log_exp5_run4.txt,5,4,100,1469.4291739332684,0.3333333333333333,30
logs_simple_v1/log_exp6/log_exp6_run0.txt,6,0,0,-404.3738822705567,0.06666666666666667,30
logs_simple_v1/log_exp6/log_exp6_run0.txt,6,0,5,288.7226714393422,0.23333333333333334,30
logs_simple_v1/log_exp6/log_exp6_run0.txt,6,0,10,1136.5665943273934,0.2,30
logs_simple_v1/log_exp6/log_exp6_run0.txt,6,0,15,939.6768586937602,0.13333333333333333,30
logs_simple_v1/log_exp6/log_exp6_run0.txt,6,0,20,1097.5406846463634,0.26666666666666666,30
logs_simple_v1/log_exp6/log_exp6_run0.txt,6,0,25,1390.8126788538102,0.23333333333333334,30
logs_simple_v1/log_exp6/log_exp6_run0.txt,6,0,30,976.3913018695766,0.3,30
logs_simple_v1/log_exp6/log_exp6_run0.txt,6,0,35,1212.0911669607265,0.26666666666666666,30
logs_simple_v1/log_exp6/log_exp6_run0.txt,6,0,40,1220.5342837641356,0.3,30
logs_simple_v1/log_exp6/log_exp6_run0.txt,6,0,45,931.2683534971247,0.26666666666666666,30
logs_simple_v1/log_exp6/log_exp6_run0.txt,6,0,50,1009.4028562659655,0.23333333333333334,30
logs_simple_v1/log_exp6/log_exp6_run0.txt,6,0,55,1037.5394689696634,0.26666666666666666,30
logs_simple_v1/log_exp6/log_exp6_run0.txt,6,0,60,886.4069097378748,0.3,30
logs_simple_v1/log_exp6/log_exp6_run0.txt,6,0,65,1096.116049855691,0.3,30
logs_simple_v1/log_exp6/log_exp6_run0.txt,6,0,70,1110.8607729501723,0.26666666666666666,30
logs_simple_v1/log_exp6/log_exp6_run0.txt,6,0,75,1012.6616814742456,0.26666666666666666,30
logs_simple_v1/log_exp6/log_exp6_run0.txt,6,0,80,1879.2466362969851,0.23333333333333334,30
logs_simple_v1/log_exp6/log_exp6_run0.txt,6,0,85,1586.4267850022798,0.23333333333333334,30
logs_simple_v1/log_exp6/log_exp6_run0.txt,6,0,90,1190.3574256341333,0.3,30
logs_simple_v1/log_exp6/log_exp6_run0.txt,6,0,95,1388.14199735472,0.3,30
logs_simple_v1/log_exp6/log_exp6_run0.txt,6,0,100,1895.078538861352,0.3333333333333333,30
logs_simple_v1/log_exp6/log_exp6_run1.txt,6,1,0,-516.5050270838617,0.13333333333333333,30
logs_simple_v1/log_exp6/log_exp6_run1.txt,6,1,5,1085.7544463315382,0.23333333333333334,30
logs_simple_v1/log_exp6/log_exp6_run1.txt,6,1,10,1459.5079263679468,0.23333333333333334,30
logs_simple_v1/log_exp6/log_exp6_run1.txt,6,1,15,1350.1878566323492,0.26666666666666666,30
logs_simple_v1/log_exp6/log_exp6_run1.txt,6,1,20,1207.083479962808,0.23333333333333334,30
logs_simple_v1/log_exp6/log_exp6_run1.txt,6,1,25,1231.2511242707928,0.2,30
logs_simple_v1/log_exp6/log_exp6_run1.txt,6,1,30,1034.0835619851414,0.26666666666666666,30
logs_simple_v1/log_exp6/log_exp6_run1.txt,6,1,35,1090.090768203259,0.3333333333333333,30
logs_simple_v1/log_exp6/log_exp6_run1.txt,6,1,40,1044.3829967799668,0.2,30
logs_simple_v1/log_exp6/log_exp6_run1.txt,6,1,45,1154.3873709872016,0.23333333333333334,30
logs_simple_v1/log_exp6/log_exp6_run1.txt,6,1,50,1768.824623108344,0.26666666666666666,30
logs_simple_v1/log_exp6/log_exp6_run1.txt,6,1,55,1020.4332721447897,0.3,30
logs_simple_v1/log_exp6/log_exp6_run1.txt,6,1,60,985.0918992146109,0.23333333333333334,30
logs_simple_v1/log_exp6/log_exp6_run1.txt,6,1,65,2530.1351390253567,0.3,30
logs_simple_v1/log_exp6/log_exp6_run1.txt,6,1,70,1331.0586155531325,0.26666666666666666,30
logs_simple_v1/log_exp6/log_exp6_run1.txt,6,1,75,968.9837104254515,0.3,30
logs_simple_v1/log_exp6/log_exp6_run1.txt,6,1,80,603.0454435115222,0.23333333333333334,30
logs_simple_v1/log_exp6/log_exp6_run1.txt,6,1,85,1251.3222261996261,0.26666666666666666,30
logs_simple_v1/log_exp6/log_exp6_run1.txt,6,1,90,1434.4413483729,0.2,30
logs_simple_v1/log_exp6/log_exp6_run1.txt,6,1,95,1315.3665900934147,0.16666666666666666,30
logs_simple_v1/log_exp6/log_exp6_run1.txt,6,1,100,1503.896317746229,0.3,30
logs_simple_v1/log_exp6/log_exp6_run2.txt,6,2,0,-272.71216542436423,0.0,30
logs_simple_v1/log_exp6/log_exp6_run2.txt,6,2,5,1604.4569299396858,0.3333333333333333,30
logs_simple_v1/log_exp6/log_exp6_run2.txt,6,2,10,2370.979208559306,0.43333333333333335,30
logs_simple_v1/log_exp6/log_exp6_run2.txt,6,2,15,2622.394881965548,0.6333333333333333,30
logs_simple_v1/log_exp6/log_exp6_run2.txt,6,2,20,4283.840447360599,0.6666666666666666,30
logs_simple_v1/log_exp6/log_exp6_run2.txt,6,2,25,4615.887580902595,0.7666666666666667,30
logs_simple_v1/log_exp6/log_exp6_run2.txt,6,2,30,4636.401642674746,0.8333333333333334,30
logs_simple_v1/log_exp6/log_exp6_run2.txt,6,2,35,5313.952146762826,0.8,30
logs_simple_v1/log_exp6/log_exp6_run2.txt,6,2,40,5388.572711191932,0.7666666666666667,30
logs_simple_v1/log_exp6/log_exp6_run2.txt,6,2,45,5384.343402243795,0.7333333333333333,30
logs_simple_v1/log_exp6/log_exp6_run2.txt,6,2,50,5451.428641661311,0.9,30
logs_simple_v1/log_exp6/log_exp6_run2.txt,6,2,55,5469.598419134024,1.0,30
logs_simple_v1/log_exp6/log_exp6_run2.txt,6,2,60,5438.422894207111,0.9,30
logs_simple_v1/log_exp6/log_exp6_run2.txt,6,2,65,5509.25678222388,0.9333333333333333,30
logs_simple_v1/log_exp6/log_exp6_run2.txt,6,2,70,5559.21841035975,0.8333333333333334,30
logs_simple_v1/log_exp6/log_exp6_run2.txt,6,2,75,5581.4712404803695,0.9333333333333333,30
logs_simple_v1/log_exp6/log_exp6_run2.txt,6,2,80,5574.8632161165815,1.0,30
logs_simple_v1/log_exp6/log_exp6_run2.txt,6,2,85,5591.166339182821,0.9666666666666667,30
logs_simple_v1/log_exp6/log_exp6_run2.txt,6,2,90,5592.496390045941,1.0,30
logs_simple_v1/log_exp6/log_exp6_run2.txt,6,2,95,5599.598477006615,1.0,30
logs_simple_v1/log_exp6/log_exp6_run2.txt,6,2,100,5603.362336539785,1.0,30
logs_simple_v1/log_exp6/log_exp6_run3.txt,6,3,0,200.98712763561707,0.2,30
logs_simple_v1/log_exp6/log_exp6_run3.txt,6,3,5,435.53060800618573,0.23333333333333334,30
logs_simple_v1/log_exp6/log_exp6_run3.txt,6,3,10,1448.082757038883,0.26666666666666666,30
logs_simple_v1/log_exp6/log_exp6_run3.txt,6,3,15,573.8977003838817,0.23333333333333334,30
logs_simple_v1/log_exp6/log_exp6_run3.txt,6,3,20,1091.4370863813265,0.13333333333333333,30
logs_simple_v1/log_exp6/log_exp6_run3.txt,6,3,25,1322.7129367209045,0.36666666666666664,30
logs_simple_v1/log_exp6/log_exp6_run3.txt,6,3,30,882.5641955346885,0.36666666666666664,30
logs_simple_v1/log_exp6/log_exp6_run3.txt,6,3,35,1357.6798371517616,0.3,30
logs_simple_v1/log_exp6/log_exp6_run3.txt,6,3,40,1233.6916251078299,0.36666666666666664,30
logs_simple_v1/log_exp6/log_exp6_run3.txt,6,3,45,1624.8535197097274,0.4666666666666667,30
logs_simple_v1/log_exp6/log_exp6_run3.txt,6,3,50,1977.1738053346044,0.5666666666666667,30
logs_simple_v1/log_exp6/log_exp6_run3.txt,6,3,55,2677.3754834973533,0.43333333333333335,30
logs_simple_v1/log_exp6/log_exp6_run3.txt,6,3,60,1830.6487769364276,0.4,30
logs_simple_v1/log_exp6/log_exp6_run3.txt,6,3,65,2146.684240150971,0.4666666666666667,30
logs_simple_v1/log_exp6/log_exp6_run3.txt,6,3,70,2209.2355667474894,0.5666666666666667,30
logs_simple_v1/log_exp6/log_exp6_run3.txt,6,3,75,2214.1149399196356,0.4,30
logs_simple_v1/log_exp6/log_exp6_run3.txt,6,3,80,2399.688067834772,0.5333333333333333,30
logs_simple_v1/log_exp6/log_exp6_run3.txt,6,3,85,1935.3442058829514,0.5666666666666667,30
logs_simple_v1/log_exp6/log_exp6_run3.txt,6,3,90,2084.2466146823213,0.5333333333333333,30
logs_simple_v1/log_exp6/log_exp6_run3.txt,6,3,95,1837.429858356491,0.5333333333333333,30
logs_simple_v1/log_exp6/log_exp6_run3.txt,6,3,100,2027.941085470453,0.36666666666666664,30
logs_simple_v1/log_exp6/log_exp6_run4.txt,6,4,0,-280.79897095020544,0.26666666666666666,30
logs_simple_v1/log_exp6/log_exp6_run4.txt,6,4,5,1069.0792417366224,0.26666666666666666,30
logs_simple_v1/log_exp6/log_exp6_run4.txt,6,4,10,784.2958644370001,0.3333333333333333,30
logs_simple_v1/log_exp6/log_exp6_run4.txt,6,4,15,978.779033130509,0.3333333333333333,30
logs_simple_v1/log_exp6/log_exp6_run4.txt,6,4,20,883.2254494604091,0.3333333333333333,30
logs_simple_v1/log_exp6/log_exp6_run4.txt,6,4,25,912.0171681610155,0.23333333333333334,30
logs_simple_v1/log_exp6/log_exp6_run4.txt,6,4,30,904.4844779846978,0.3333333333333333,30
logs_simple_v1/log_exp6/log_exp6_run4.txt,6,4,35,1361.7332626173732,0.3,30
logs_simple_v1/log_exp6/log_exp6_run4.txt,6,4,40,648.2679432987292,0.2,30
logs_simple_v1/log_exp6/log_exp6_run4.txt,6,4,45,949.9467279561286,0.26666666666666666,30
logs_simple_v1/log_exp6/log_exp6_run4.txt,6,4,50,1313.7042205367195,0.3333333333333333,30
logs_simple_v1/log_exp6/log_exp6_run4.txt,6,4,55,600.3649019519221,0.26666666666666666,30
logs_simple_v1/log_exp6/log_exp6_run4.txt,6,4,60,852.7952074307419,0.23333333333333334,30
logs_simple_v1/log_exp6/log_exp6_run4.txt,6,4,65,642.5373427080972,0.26666666666666666,30
logs_simple_v1/log_exp6/log_exp6_run4.txt,6,4,70,1035.315920901547,0.3333333333333333,30
logs_simple_v1/log_exp6/log_exp6_run4.txt,6,4,75,803.2942482775907,0.2,30
logs_simple_v1/log_exp6/log_exp6_run4.txt,6,4,80,1477.192078188271,0.3333333333333333,30
logs_simple_v1/log_exp6/log_exp6_run4.txt,6,4,85,1446.9734411957418,0.3,30
logs_simple_v1/log_exp6/log_exp6_run4.txt,6,4,90,1675.824966272623,0.3,30
logs_simple_v1/log_exp6/log_exp6_run4.txt,6,4,95,1232.638271004034,0.26666666666666666,30
logs_simple_v1/log_exp6/log_exp6_run4.txt,6,4,100,1170.7862696891539,0.3,30
logs_simple_v1/log_exp7/log_exp7_run0.txt,7,0,0,-942.420333201427,0.2,30
logs_simple_v1/log_exp7/log_exp7_run0.txt,7,0,5,673.7918392764207,0.0,30
logs_simple_v1/log_exp7/log_exp7_run0.txt,7,0,10,413.8592744244446,0.13333333333333333,30
logs_simple_v1/log_exp7/log_exp7_run0.txt,7,0,15,980.1632630187754,0.23333333333333334,30
logs_simple_v1/log_exp7/log_exp7_run0.txt,7,0,20,592.4263862210786,0.26666666666666666,30
logs_simple_v1/log_exp7/log_exp7_run0.txt,7,0,25,918.8727889936368,0.26666666666666666,30
logs_simple_v1/log_exp7/log_exp7_run0.txt,7,0,30,615.185097118614,0.23333333333333334,30
logs_simple_v1/log_exp7/log_exp7_run0.txt,7,0,35,1429.6783712557765,0.23333333333333334,30
logs_simple_v1/log_exp7/log_exp7_run0.txt,7,0,40,977.7460867747025,0.3,30
logs_simple_v1/log_exp7/log_exp7_run0.txt,7,0,45,1285.0009113138578,0.3333333333333333,30
logs_simple_v1/log_exp7/log_exp7_run0.txt,7,0,50,1654.5715189310513,0.3333333333333333,30
logs_simple_v1/log_exp7/log_exp7_run0.txt,7,0,55,1251.9814047110738,0.3,30
logs_simple_v1/log_exp7/log_exp7_run0.txt,7,0,60,2291.5586118710175,0.26666666666666666,30
logs_simple_v1/log_exp7/log_exp7_run0.txt,7,0,65,1024.6965778660715,0.3333333333333333,30
logs_simple_v1/log_exp7/log_exp7_run0.txt,7,0,70,1077.182231938586,0.3333333333333333,30
logs_simple_v1/log_exp7/log_exp7_run0.txt,7,0,75,741.8262883610273,0.3333333333333333,30
logs_simple_v1/log_exp7/log_exp7_run0.txt,7,0,80,1129.4472253809365,0.3333333333333333,30
logs_simple_v1/log_exp7/log_exp7_run0.txt,7,0,85,593.7913152456612,0.3333333333333333,30
logs_simple_v1/log_exp7/log_exp7_run0.txt,7,0,90,975.2701594874305,0.23333333333333334,30
logs_simple_v1/log_exp7/log_exp7_run0.txt,7,0,95,1447.1449376557634,0.3333333333333333,30
logs_simple_v1/log_exp7/log_exp7_run0.txt,7,0,100,1577.3130911599048,0.3333333333333333,30
logs_simple_v1/log_exp7/log_exp7_run1.txt,7,1,0,125.35501465127359,0.13333333333333333,30
logs_simple_v1/log_exp7/log_exp7_run1.txt,7,1,5,522.5984638461043,0.2,30
logs_simple_v1/log_exp7/log_exp7_run1.txt,7,1,10,812.9317013085201,0.23333333333333334,30
logs_simple_v1/log_exp7/log_exp7_run1.txt,7,1,15,939.1769454493948,0.23333333333333334,30
logs_simple_v1/log_exp7/log_exp7_run1.txt,7,1,20,891.8031814092164,0.23333333333333334,30
logs_simple_v1/log_exp7/log_exp7_run1.txt,7,1,25,1153.9156607825003,0.23333333333333334,30
logs_simple_v1/log_exp7/log_exp7_run1.txt,7,1,30,1362.4381876285438,0.23333333333333334,30
logs_simple_v1/log_exp7/log_exp7_run1.txt,7,1,35,860.645333487925,0.23333333333333334,30
logs_simple_v1/log_exp7/log_exp7_run1.txt,7,1,40,1336.8769678552262,0.23333333333333334,30
logs_simple_v1/log_exp7/log_exp7_run1.txt,7,1,45,919.0360826620956,0.26666666666666666,30
logs_simple_v1/log_exp7/log_exp7_run1.txt,7,1,50,1364.3909914962533,0.26666666666666666,30
logs_simple_v1/log_exp7/log_exp7_run1.txt,7,1,55,874.284400097542,0.23333333333333334,30
logs_simple_v1/log_exp7/log_exp7_run1.txt,7,1,60,457.6560643903048,0.26666666666666666,30
logs_simple_v1/log_exp7/log_exp7_run1.txt,7,1,65,1274.868054252002,0.23333333333333334,30
logs_simple_v1/log_exp7/log_exp7_run1.txt,7,1,70,1039.0217927549202,0.26666666666666666,30
logs_simple_v1/log_exp7/log_exp7_run1.txt,7,1,75,702.5875459627915,0.23333333333333334,30
logs_simple_v1/log_exp7/log_exp7_run1.txt,7,1,80,1599.0216448230829,0.26666666666666666,30
logs_simple_v1/log_exp7/log_exp7_run1.txt,7,1,85,857.5575709680643,0.23333333333333334,30
logs_simple_v1/log_exp7/log_exp7_run1.txt,7,1,90,1808.9721873267965,0.23333333333333334,30
logs_simple_v1/log_exp7/log_exp7_run1.txt,7,1,95,1293.1879879025407,0.23333333333333334,30
logs_simple_v1/log_exp7/log_exp7_run1.txt,7,1,100,1042.0205726545569,0.26666666666666666,30
logs_simple_v1/log_exp7/log_exp7_run2.txt,7,2,0,70.86807776084152,0.26666666666666666,30
logs_simple_v1/log_exp7/log_exp7_run2.txt,7,2,5,741.5132695560707,0.26666666666666666,30
logs_simple_v1/log_exp7/log_exp7_run2.txt,7,2,10,1061.8058470923495,0.23333333333333334,30
logs_simple_v1/log_exp7/log_exp7_run2.txt,7,2,15,1136.9583833916504,0.23333333333333334,30
logs_simple_v1/log_exp7/log_exp7_run2.txt,7,2,20,814.0612937103709,0.23333333333333334,30
logs_simple_v1/log_exp7/log_exp7_run2.txt,7,2,25,1146.9405290371349,0.2,30
logs_simple_v1/log_exp7/log_exp7_run2.txt,7,2,30,1177.8910638679188,0.23333333333333334,30
logs_simple_v1/log_exp7/log_exp7_run2.txt,7,2,35,1223.138858982573,0.23333333333333334,30
logs_simple_v1/log_exp7/log_exp7_run2.txt,7,2,40,1334.428485006448,0.23333333333333334,30
logs_simple_v1/log_exp7/log_exp7_run2.txt,7,2,45,1337.4702385818455,0.23333333333333334,30
logs_simple_v1/log_exp7/log_exp7_run2.txt,7,2,50,1218.2963276670491,0.26666666666666666,30
logs_simple_v1/log_exp7/log_exp7_run2.txt,7,2,55,842.7307858572248,0.23333333333333334,30
logs_simple_v1/log_exp7/log_exp7_run2.txt,7,2,60,1148.4024977313377,0.23333333333333334,30
logs_simple_v1/log_exp7/log_exp7_run2.txt,7,2,65,862.8186825070986,0.26666666666666666,30
logs_simple_v1/log_exp7/log_exp7_run2.txt,7,2,70,1078.9528445255712,0.23333333333333334,30
logs_simple_v1/log_exp7/log_exp7_run2.txt,7,2,75,1402.4560631698305,0.23333333333333334,30
logs_simple_v1/log_exp7/log_exp7_run2.txt,7,2,80,1151.4540524956803,0.3,30
logs_simple_v1/log_exp7/log_exp7_run2.txt,7,2,85,1690.8046533951888,0.23333333333333334,30
logs_simple_v1/log_exp7/log_exp7_run2.txt,7,2,90,1368.334712947043,0.23333333333333334,30
logs_simple_v1/log_exp7/log_exp7_run2.txt,7,2,95,1488.3610377605833,0.26666666666666666,30
logs_simple_v1/log_exp7/log_exp7_run2.txt,7,2,100,970.5423964974319,0.23333333333333334,30
logs_simple_v1/log_exp7/log_exp7_run3.txt,7,3,0,-485.59416046149374,0.23333333333333334,30
logs_simple_v1/log_exp7/log_exp7_run3.txt,7,3,5,810.1298562081653,0.3,30
logs_simple_v1/log_exp7/log_exp7_run3.txt,7,3,10,1073.1979912099066,0.26666666666666666,30
logs_simple_v1/log_exp7/log_exp7_run3.txt,7,3,15,856.6739478898266,0.2,30
logs_simple_v1/log_exp7/log_exp7_run3.txt,7,3,20,903.5246685388976,0.26666666666666666,30
logs_simple_v1/log_exp7/log_exp7_run3.txt,7,3,25,1230.6783115387202,0.3,30
logs_simple_v1/log_exp7/log_exp7_run3.txt,7,3,30,1496.8740719135026,0.3,30
logs_simple_v1/log_exp7/log_exp7_run3.txt,7,3,35,1638.7384108479564,0.26666666666666666,30
logs_simple_v1/log_exp7/log_exp7_run3.txt,7,3,40,1117.2028243186298,0.3,30
logs_simple_v1/log_exp7/log_exp7_run3.txt,7,3,45,1594.1564814838964,0.2,30
logs_simple_v1/log_exp7/log_exp7_run3.txt,7,3,50,1053.7466918115608,0.3,30
logs_simple_v1/log_exp7/log_exp7_run3.txt,7,3,55,1297.4598969522474,0.23333333333333334,30
logs_simple_v1/log_exp7/log_exp7_run3.txt,7,3,60,1132.5605314496834,0.3,30
logs_simple_v1/log_exp7/log_exp7_run3.txt,7,3,65,1805.3412886670449,0.26666666666666666,30
logs_simple_v1/log_exp7/log_exp7_run3.txt,7,3,70,1145.9818006187322,0.3333333333333333,30
logs_simple_v1/log_exp7/log_exp7_run3.txt,7,3,75,1468.4346215585076,0.3,30
logs_simple_v1/log_exp7/log_exp7_run3.txt,7,3,80,1454.9407007471434,0.26666666666666666,30
logs_simple_v1/log_exp7/log_exp7_run3.txt,7,3,85,1403.5224506546754,0.3,30
logs_simple_v1/log_exp7/log_exp7_run3.txt,7,3,90,1043.2599481251405,0.26666666666666666,30
logs_simple_v1/log_exp7/log_exp7_run3.txt,7,3,95,1294.1425684428336,0.26666666666666666,30
logs_simple_v1/log_exp7/log_exp7_run3.txt,7,3,100,1106.6317325990415,0.23333333333333334,30
logs_simple_v1/log_exp7/log_exp7_run4.txt,7,4,0,-201.4833425613382,0.26666666666666666,30
logs_simple_v1/log_exp7/log_exp7_run4.txt,7,4,5,560.9755823450733,0.23333333333333334,30
logs_simple_v1/log_exp7/log_exp7_run4.txt,7,4,10,1087.8595304004482,0.2,30
logs_simple_v1/log_exp7/log_exp7_run4.txt,7,4,15,877.1289711163494,0.23333333333333334,30
logs_simple_v1/log_exp7/log_exp7_run4.txt,7,4,20,2461.068151886967,0.26666666666666666,30
logs_simple_v1/log_exp7/log_exp7_run4.txt,7,4,25,726.4178073781866,0.23333333333333334,30
logs_simple_v1/log_exp7/log_exp7_run4.txt,7,4,30,1225.781236862002,0.23333333333333334,30
logs_simple_v1/log_exp7/log_exp7_run4.txt,7,4,35,1583.8912506936426,0.26666666666666666,30
logs_simple_v1/log_exp7/log_exp7_run4.txt,7,4,40,1027.5479785570312,0.23333333333333334,30
logs_simple_v1/log_exp7/log_exp7_run4.txt,7,4,45,1177.4632536197419,0.26666666666666666,30
logs_simple_v1/log_exp7/log_exp7_run4.txt,7,4,50,604.7384031811653,0.26666666666666666,30
logs_simple_v1/log_exp7/log_exp7_run4.txt,7,4,55,878.4493106734992,0.26666666666666666,30
logs_simple_v1/log_exp7/log_exp7_run4.txt,7,4,60,692.0046903822322,0.23333333333333334,30
logs_simple_v1/log_exp7/log_exp7_run4.txt,7,4,65,1257.3278809213084,0.26666666666666666,30
logs_simple_v1/log_exp7/log_exp7_run4.txt,7,4,70,1022.9038034336223,0.3333333333333333,30
logs_simple_v1/log_exp7/log_exp7_run4.txt,7,4,75,720.7451312069542,0.3,30
logs_simple_v1/log_exp7/log_exp7_run4.txt,7,4,80,891.1765886675023,0.3,30
logs_simple_v1/log_exp7/log_exp7_run4.txt,7,4,85,1099.3307661579197,0.23333333333333334,30
logs_simple_v1/log_exp7/log_exp7_run4.txt,7,4,90,1114.8381768696752,0.3,30
logs_simple_v1/log_exp7/log_exp7_run4.txt,7,4,95,1134.598500090862,0.3,30
logs_simple_v1/log_exp7/log_exp7_run4.txt,7,4,100,1137.7680036075699,0.3,30
logs_simple_v1/log_exp8/log_exp8_run0.txt,8,0,0,-451.44174658120187,0.2,30
logs_simple_v1/log_exp8/log_exp8_run0.txt,8,0,5,612.8593534936299,0.26666666666666666,30
logs_simple_v1/log_exp8/log_exp8_run0.txt,8,0,10,785.3003084002052,0.23333333333333334,30
logs_simple_v1/log_exp8/log_exp8_run0.txt,8,0,15,1007.1276628370963,0.2,30
logs_simple_v1/log_exp8/log_exp8_run0.txt,8,0,20,800.0858162222672,0.3,30
logs_simple_v1/log_exp8/log_exp8_run0.txt,8,0,25,1048.0550903185467,0.2,30
logs_simple_v1/log_exp8/log_exp8_run0.txt,8,0,30,1219.0349230872682,0.3333333333333333,30
logs_simple_v1/log_exp8/log_exp8_run0.txt,8,0,35,1262.0801370221538,0.23333333333333334,30
logs_simple_v1/log_exp8/log_exp8_run0.txt,8,0,40,953.8223027570343,0.3,30
logs_simple_v1/log_exp8/log_exp8_run0.txt,8,0,45,1251.8445019485691,0.3333333333333333,30
logs_simple_v1/log_exp8/log_exp8_run0.txt,8,0,50,1182.9659924100579,0.23333333333333334,30
logs_simple_v1/log_exp8/log_exp8_run0.txt,8,0,55,829.2881468742223,0.26666666666666666,30
logs_simple_v1/log_exp8/log_exp8_run0.txt,8,0,60,741.7939338524642,0.26666666666666666,30
logs_simple_v1/log_exp8/log_exp8_run0.txt,8,0,65,1254.7882572132698,0.2,30
logs_simple_v1/log_exp8/log_exp8_run0.txt,8,0,70,1210.6202634834244,0.3,30
logs_simple_v1/log_exp8/log_exp8_run0.txt,8,0,75,893.3788486691103,0.3333333333333333,30
logs_simple_v1/log_exp8/log_exp8_run0.txt,8,0,80,1122.664042291753,0.3333333333333333,30
logs_simple_v1/log_exp8/log_exp8_run0.txt,8,0,85,809.2617689093491,0.26666666666666666,30
logs_simple_v1/log_exp8/log_exp8_run0.txt,8,0,90,942.1338788260545,0.3333333333333333,30
logs_simple_v1/log_exp8/log_exp8_run0.txt,8,0,95,1216.5161833065247,0.26666666666666666,30
logs_simple_v1/log_exp8/log_exp8_run0.txt,8,0,100,880.7917721445814,0.3333333333333333,30
logs_simple_v1/log_exp8/log_exp8_run1.txt,8,1,0,-711.1434274571567,0.13333333333333333,30
logs_simple_v1/log_exp8/log_exp8_run1.txt,8,1,5,947.5148713646943,0.3,30
logs_simple_v1/log_exp8/log_exp8_run1.txt,8,1,10,1159.8365324595068,0.3333333333333333,30
logs_simple_v1/log_exp8/log_exp8_run1.txt,8,1,15,1819.1391537476286,0.26666666666666666,30
logs_simple_v1/log_exp8/log_exp8_run1.txt,8,1,20,1939.7401528014466,0.36666666666666664,30
logs_simple_v1/log_exp8/log_exp8_run1.txt,8,1,25,1942.892399716432,0.4666666666666667,30
logs_simple_v1/log_exp8/log_exp8_run1.txt,8,1,30,2392.647417499521,0.43333333333333335,30
logs_simple_v1/log_exp8/log_exp8_run1.txt,8,1,35,2288.230499622,0.26666666666666666,30
logs_simple_v1/log_exp8/log_exp8_run1.txt,8,1,40,2196.79754574934,0.4,30
logs_simple_v1/log_exp8/log_exp8_run1.txt,8,1,45,3419.2902532616135,0.5333333333333333,30
logs_simple_v1/log_exp8/log_exp8_run1.txt,8,1,50,2439.6765206572786,0.4,30
logs_simple_v1/log_exp8/log_exp8_run1.txt,8,1,55,2540.3827706877196,0.6,30
logs_simple_v1/log_exp8/log_exp8_run1.txt,8,1,60,2697.1001016752425,0.4,30
logs_simple_v1/log_exp8/log_exp8_run1.txt,8,1,65,2650.1404339740448,0.5,30
logs_simple_v1/log_exp8/log_exp8_run1.txt,8,1,70,2764.9201208330455,0.6666666666666666,30
logs_simple_v1/log_exp8/log_exp8_run1.txt,8,1,75,3302.90379182616,0.6,30
logs_simple_v1/log_exp8/log_exp8_run1.txt,8,1,80,3185.0453951955255,0.7333333333333333,30
logs_simple_v1/log_exp8/log_exp8_run1.txt,8,1,85,3057.1825691824583,0.6,30
logs_simple_v1/log_exp8/log_exp8_run1.txt,8,1,90,2744.304051133207,0.6666666666666666,30
logs_simple_v1/log_exp8/log_exp8_run1.txt,8,1,95,3387.3368106050066,0.6333333333333333,30
logs_simple_v1/log_exp8/log_exp8_run1.txt,8,1,100,3229.140995056347,0.6666666666666666,30
logs_simple_v1/log_exp8/log_exp8_run2.txt,8,2,0,90.41618716341819,0.23333333333333334,30
logs_simple_v1/log_exp8/log_exp8_run2.txt,8,2,5,172.00435415814974,0.23333333333333334,30
logs_simple_v1/log_exp8/log_exp8_run2.txt,8,2,10,716.9966512049706,0.23333333333333334,30
logs_simple_v1/log_exp8/log_exp8_run2.txt,8,2,15,450.49153251746884,0.23333333333333334,30
logs_simple_v1/log_exp8/log_exp8_run2.txt,8,2,20,945.0792448660825,0.26666666666666666,30
logs_simple_v1/log_exp8/log_exp8_run2.txt,8,2,25,673.4080598870602,0.23333333333333334,30
logs_simple_v1/log_exp8/log_exp8_run2.txt,8,2,30,837.0895560517272,0.23333333333333334,30
logs_simple_v1/log_exp8/log_exp8_run2.txt,8,2,35,667.6612466174614,0.23333333333333334,30
logs_simple_v1/log_exp8/log_exp8_run2.txt,8,2,40,500.501016990759,0.2,30
logs_simple_v1/log_exp8/log_exp8_run2.txt,8,2,45,584.6692874308262,0.23333333333333334,30
logs_simple_v1/log_exp8/log_exp8_run2.txt,8,2,50,708.4173879429889,0.23333333333333334,30
logs_simple_v1/log_exp8/log_exp8_run2.txt,8,2,55,903.2636667360117,0.23333333333333334,30
logs_simple_v1/log_exp8/log_exp8_run2.txt,8,2,60,900.0844449514609,0.23333333333333334,30
logs_simple_v1/log_exp8/log_exp8_run2.txt,8,2,65,498.3416490437205,0.23333333333333334,30
logs_simple_v1/log_exp8/log_exp8_run2.txt,8,2,70,730.8365889585118,0.23333333333333334,30
logs_simple_v1/log_exp8/log_exp8_run2.txt,8,2,75,918.1761572354708,0.2,30
logs_simple_v1/log_exp8/log_exp8_run2.txt,8,2,80,1043.7803995058734,0.23333333333333334,30
logs_simple_v1/log_exp8/log_exp8_run2.txt,8,2,85,786.3428957733447,0.23333333333333334,30
logs_simple_v1/log_exp8/log_exp8_run2.txt,8,2,90,765.0257739175511,0.23333333333333334,30
logs_simple_v1/log_exp8/log_exp8_run2.txt,8,2,95,751.6409683109671,0.23333333333333334,30
logs_simple_v1/log_exp8/log_exp8_run2.txt,8,2,100,646.5662304830141,0.23333333333333334,30
logs_simple_v1/log_exp8/log_exp8_run3.txt,8,3,0,-508.5686857097701,0.23333333333333334,30
logs_simple_v1/log_exp8/log_exp8_run3.txt,8,3,5,596.0106852571846,0.26666666666666666,30
logs_simple_v1/log_exp8/log_exp8_run3.txt,8,3,10,772.1483725387179,0.23333333333333334,30
logs_simple_v1/log_exp8/log_exp8_run3.txt,8,3,15,1146.0755082573676,0.23333333333333334,30
logs_simple_v1/log_exp8/log_exp8_run3.txt,8,3,20,546.8959547103794,0.23333333333333334,30
logs_simple_v1/log_exp8/log_exp8_run3.txt,8,3,25,707.8126261677628,0.23333333333333334,30
logs_simple_v1/log_exp8/log_exp8_run3.txt,8,3,30,737.9214917943805,0.26666666666666666,30
logs_simple_v1/log_exp8/log_exp8_run3.txt,8,3,35,728.0229208553535,0.23333333333333334,30
logs_simple_v1/log_exp8/log_exp8_run3.txt,8,3,40,770.0171630405382,0.26666666666666666,30
logs_simple_v1/log_exp8/log_exp8_run3.txt,8,3,45,964.4457929786195,0.23333333333333334,30
logs_simple_v1/log_exp8/log_exp8_run3.txt,8,3,50,822.7359916614887,0.23333333333333334,30
logs_simple_v1/log_exp8/log_exp8_run3.txt,8,3,55,1129.0730103884046,0.23333333333333334,30
logs_simple_v1/log_exp8/log_exp8_run3.txt,8,3,60,829.0933348303422,0.23333333333333334,30
logs_simple_v1/log_exp8/log_exp8_run3.txt,8,3,65,1265.2424764608263,0.26666666666666666,30
logs_simple_v1/log_exp8/log_exp8_run3.txt,8,3,70,895.4727958099458,0.23333333333333334,30
logs_simple_v1/log_exp8/log_exp8_run3.txt,8,3,75,1084.5261493631142,0.23333333333333334,30
logs_simple_v1/log_exp8/log_exp8_run3.txt,8,3,80,950.2712241902186,0.26666666666666666,30
logs_simple_v1/log_exp8/log_exp8_run3.txt,8,3,85,932.6840787390574,0.23333333333333334,30
logs_simple_v1/log_exp8/log_exp8_run3.txt,8,3,90,1376.5172809959322,0.2,30
logs_simple_v1/log_exp8/log_exp8_run3.txt,8,3,95,1273.5420790101896,0.23333333333333334,30
logs_simple_v1/log_exp8/log_exp8_run3.txt,8,3,100,1096.105430911252,0.23333333333333334,30
logs_simple_v1/log_exp8/log_exp8_run4.txt,8,4,0,-480.18117050496664,0.13333333333333333,30
logs_simple_v1/log_exp8/log_exp8_run4.txt,8,4,5,617.80093772852,0.1,30
logs_simple_v1/log_exp8/log_exp8_run4.txt,8,4,10,764.635766027917,0.2,30
logs_simple_v1/log_exp8/log_exp8_run4.txt,8,4,15,600.3728263149649,0.2,30
logs_simple_v1/log_exp8/log_exp8_run4.txt,8,4,20,640.7393898767097,0.23333333333333334,30
logs_simple_v1/log_exp8/log_exp8_run4.txt,8,4,25,1026.4788540821041,0.2,30
logs_simple_v1/log_exp8/log_exp8_run4.txt,8,4,30,615.3358931038276,0.23333333333333334,30
logs_simple_v1/log_exp8/log_exp8_run4.txt,8,4,35,868.3670556903902,0.23333333333333334,30
logs_simple_v1/log_exp8/log_exp8_run4.txt,8,4,40,1353.1212524867888,0.23333333333333334,30
logs_simple_v1/log_exp8/log_exp8_run4.txt,8,4,45,631.070545857388,0.23333333333333334,30
logs_simple_v1/log_exp8/log_exp8_run4.txt,8,4,50,623.1553075028509,0.23333333333333334,30
logs_simple_v1/log_exp8/log_exp8_run4.txt,8,4,55,584.5355233507362,0.23333333333333334,30
logs_simple_v1/log_exp8/log_exp8_run4.txt,8,4,60,860.3902262191494,0.23333333333333334,30
logs_simple_v1/log_exp8/log_exp8_run4.txt,8,4,65,597.3123681428604,0.23333333333333334,30
logs_simple_v1/log_exp8/log_exp8_run4.txt,8,4,70,885.0850399628824,0.23333333333333334,30
logs_simple_v1/log_exp8/log_exp8_run4.txt,8,4,75,675.9724209296511,0.23333333333333334,30
logs_simple_v1/log_exp8/log_exp8_run4.txt,8,4,80,522.9416616149715,0.23333333333333334,30
logs_simple_v1/log_exp8/log_exp8_run4.txt,8,4,85,540.6951175007924,0.23333333333333334,30
logs_simple_v1/log_exp8/log_exp8_run4.txt,8,4,90,611.2006743697368,0.23333333333333334,30
logs_simple_v1/log_exp8/log_exp8_run4.txt,8,4,95,841.584844954026,0.23333333333333334,30
logs_simple_v1/log_exp8/log_exp8_run4.txt,8,4,100,960.3119136401331,0.23333333333333334,30
